/*
Navicat MySQL Data Transfer

Source Server         : 本地链接
Source Server Version : 50540
Source Host           : localhost:3306
Source Database       : activiti_01

Target Server Type    : MYSQL
Target Server Version : 50540
File Encoding         : 65001

Date: 2020-03-05 10:29:28
*/

SET FOREIGN_KEY_CHECKS=0;

-- ----------------------------
-- Table structure for act_evt_log
-- ----------------------------
DROP TABLE IF EXISTS `act_evt_log`;
CREATE TABLE `act_evt_log` (
  `LOG_NR_` bigint(20) NOT NULL AUTO_INCREMENT,
  `TYPE_` varchar(64) COLLATE utf8_bin DEFAULT NULL,
  `PROC_DEF_ID_` varchar(64) COLLATE utf8_bin DEFAULT NULL,
  `PROC_INST_ID_` varchar(64) COLLATE utf8_bin DEFAULT NULL,
  `EXECUTION_ID_` varchar(64) COLLATE utf8_bin DEFAULT NULL,
  `TASK_ID_` varchar(64) COLLATE utf8_bin DEFAULT NULL,
  `TIME_STAMP_` timestamp NOT NULL DEFAULT CURRENT_TIMESTAMP ON UPDATE CURRENT_TIMESTAMP,
  `USER_ID_` varchar(255) COLLATE utf8_bin DEFAULT NULL,
  `DATA_` longblob,
  `LOCK_OWNER_` varchar(255) COLLATE utf8_bin DEFAULT NULL,
  `LOCK_TIME_` timestamp NULL DEFAULT NULL,
  `IS_PROCESSED_` tinyint(4) DEFAULT '0',
  PRIMARY KEY (`LOG_NR_`)
) ENGINE=InnoDB DEFAULT CHARSET=utf8 COLLATE=utf8_bin;

-- ----------------------------
-- Records of act_evt_log
-- ----------------------------

-- ----------------------------
-- Table structure for act_ge_bytearray
-- ----------------------------
DROP TABLE IF EXISTS `act_ge_bytearray`;
CREATE TABLE `act_ge_bytearray` (
  `ID_` varchar(64) COLLATE utf8_bin NOT NULL DEFAULT '',
  `REV_` int(11) DEFAULT NULL,
  `NAME_` varchar(255) COLLATE utf8_bin DEFAULT NULL,
  `DEPLOYMENT_ID_` varchar(64) COLLATE utf8_bin DEFAULT NULL,
  `BYTES_` longblob,
  `GENERATED_` tinyint(4) DEFAULT NULL,
  PRIMARY KEY (`ID_`),
  KEY `ACT_FK_BYTEARR_DEPL` (`DEPLOYMENT_ID_`),
  CONSTRAINT `ACT_FK_BYTEARR_DEPL` FOREIGN KEY (`DEPLOYMENT_ID_`) REFERENCES `act_re_deployment` (`ID_`)
) ENGINE=InnoDB DEFAULT CHARSET=utf8 COLLATE=utf8_bin;

-- ----------------------------
-- Records of act_ge_bytearray
-- ----------------------------
INSERT INTO `act_ge_bytearray` VALUES ('2', '1', 'diagrams/LeaveProcess.bpmn', '1', 0x3C3F786D6C2076657273696F6E3D22312E302220656E636F64696E673D225554462D38223F3E0A3C646566696E6974696F6E7320786D6C6E733D22687474703A2F2F7777772E6F6D672E6F72672F737065632F42504D4E2F32303130303532342F4D4F44454C2220786D6C6E733A7873693D22687474703A2F2F7777772E77332E6F72672F323030312F584D4C536368656D612D696E7374616E63652220786D6C6E733A7873643D22687474703A2F2F7777772E77332E6F72672F323030312F584D4C536368656D612220786D6C6E733A61637469766974693D22687474703A2F2F61637469766974692E6F72672F62706D6E2220786D6C6E733A62706D6E64693D22687474703A2F2F7777772E6F6D672E6F72672F737065632F42504D4E2F32303130303532342F44492220786D6C6E733A6F6D6764633D22687474703A2F2F7777772E6F6D672E6F72672F737065632F44442F32303130303532342F44432220786D6C6E733A6F6D6764693D22687474703A2F2F7777772E6F6D672E6F72672F737065632F44442F32303130303532342F44492220747970654C616E67756167653D22687474703A2F2F7777772E77332E6F72672F323030312F584D4C536368656D61222065787072657373696F6E4C616E67756167653D22687474703A2F2F7777772E77332E6F72672F313939392F585061746822207461726765744E616D6573706163653D22687474703A2F2F7777772E61637469766974692E6F72672F74657374223E0A20203C70726F636573732069643D226C6561766550726F6365737322206E616D653D224C6561766550726F636573732220697345786563757461626C653D2274727565223E0A202020203C73746172744576656E742069643D2273746172746576656E743122206E616D653D225374617274223E3C2F73746172744576656E743E0A202020203C757365725461736B2069643D22656D706C6F79656522206E616D653D22E58F91E8B5B7E794B3E8AFB7222061637469766974693A61737369676E65653D22247B656D706C6F7965654E616D657D223E0A2020202020203C646F63756D656E746174696F6E3EE794B3E8AFB7E4BABAE58F91E8B5B7E794B3E8AFB73C2F646F63756D656E746174696F6E3E0A202020203C2F757365725461736B3E0A202020203C73657175656E6365466C6F772069643D22666C6F77312220736F757263655265663D2273746172746576656E743122207461726765745265663D22656D706C6F796565223E3C2F73657175656E6365466C6F773E0A202020203C757365725461736B2069643D226C6561646572436865636B22206E616D653D22E9A286E5AFBCE5AEA1E689B9222061637469766974693A61737369676E65653D22247B6C6561644E616D657D223E3C2F757365725461736B3E0A202020203C73657175656E6365466C6F772069643D22666C6F77322220736F757263655265663D22656D706C6F79656522207461726765745265663D226C6561646572436865636B223E3C2F73657175656E6365466C6F773E0A202020203C6578636C7573697665476174657761792069643D226578636C7573697665676174657761793122206E616D653D224578636C75736976652047617465776179223E3C2F6578636C7573697665476174657761793E0A202020203C757365725461736B2069643D224A696E676C6931436865636B22206E616D653D22E7BB8FE7908631E5AEA1E689B9222061637469766974693A61737369676E65653D22E7BB8FE7908631223E3C2F757365725461736B3E0A202020203C757365725461736B2069643D224A696E676C6932436865636B22206E616D653D22E7BB8FE7908632E5AEA1E689B9222061637469766974693A61737369676E65653D22E7BB8FE7908632223E3C2F757365725461736B3E0A202020203C757365725461736B2069643D224A696E676C6933436865636B22206E616D653D22E7BB8FE7908633E5AEA1E689B9222061637469766974693A61737369676E65653D22E7BB8FE7908633223E3C2F757365725461736B3E0A202020203C73657175656E6365466C6F772069643D22666C6F77313022206E616D653D22E5908CE6848F2C312D33E5A4A92220736F757263655265663D226578636C7573697665676174657761793122207461726765745265663D224A696E676C6931436865636B223E0A2020202020203C636F6E646974696F6E45787072657373696F6E207873693A747970653D2274466F726D616C45787072657373696F6E223E3C215B43444154415B247B6461793E3026266461793C3D3326266C6561646572526573756C743D3D317D5D5D3E3C2F636F6E646974696F6E45787072657373696F6E3E0A202020203C2F73657175656E6365466C6F773E0A202020203C73657175656E6365466C6F772069643D22666C6F77313122206E616D653D22E5908CE6848F2C35E5A4A9E4BBA5E4B88A2220736F757263655265663D226578636C7573697665676174657761793122207461726765745265663D224A696E676C6932436865636B223E0A2020202020203C636F6E646974696F6E45787072657373696F6E207873693A747970653D2274466F726D616C45787072657373696F6E223E3C215B43444154415B247B6461793E3526266C6561646572526573756C743D3D317D5D5D3E3C2F636F6E646974696F6E45787072657373696F6E3E0A202020203C2F73657175656E6365466C6F773E0A202020203C6578636C7573697665476174657761792069643D226578636C7573697665676174657761793222206E616D653D224578636C75736976652047617465776179223E3C2F6578636C7573697665476174657761793E0A202020203C73657175656E6365466C6F772069643D22666C6F7731322220736F757263655265663D224A696E676C6933436865636B22207461726765745265663D226578636C75736976656761746577617932223E3C2F73657175656E6365466C6F773E0A202020203C73657175656E6365466C6F772069643D22666C6F7731332220736F757263655265663D224A696E676C6931436865636B22207461726765745265663D226578636C75736976656761746577617932223E3C2F73657175656E6365466C6F773E0A202020203C73657175656E6365466C6F772069643D22666C6F7731342220736F757263655265663D224A696E676C6932436865636B22207461726765745265663D226578636C75736976656761746577617932223E3C2F73657175656E6365466C6F773E0A202020203C73657175656E6365466C6F772069643D22666C6F77313522206E616D653D22E5908CE6848F2C332D35E5A4A92220736F757263655265663D226578636C7573697665676174657761793122207461726765745265663D224A696E676C6933436865636B223E0A2020202020203C646F63756D656E746174696F6E3EE9A286E5AFBCE5AEA1E689B92CE9809AE8BF872CE8AFB7E58187E5A4A9E695B0332D35E5A4A93C2F646F63756D656E746174696F6E3E0A2020202020203C636F6E646974696F6E45787072657373696F6E207873693A747970653D2274466F726D616C45787072657373696F6E223E3C215B43444154415B247B6461793E3326266461793C3D3526266C6561646572526573756C743D3D317D5D5D3E3C2F636F6E646974696F6E45787072657373696F6E3E0A202020203C2F73657175656E6365466C6F773E0A202020203C656E644576656E742069643D22656E646576656E743122206E616D653D22456E64223E3C2F656E644576656E743E0A202020203C73657175656E6365466C6F772069643D22666C6F77313622206E616D653D22E5908CE6848F2220736F757263655265663D226578636C7573697665676174657761793222207461726765745265663D22656E646576656E7431223E0A2020202020203C636F6E646974696F6E45787072657373696F6E207873693A747970653D2274466F726D616C45787072657373696F6E223E3C215B43444154415B247B726573756C743D3D317D5D5D3E3C2F636F6E646974696F6E45787072657373696F6E3E0A202020203C2F73657175656E6365466C6F773E0A202020203C73657175656E6365466C6F772069643D22666C6F77313722206E616D653D22E4B88DE5908CE6848F2CE9878DE696B0E58F91E8B5B7E794B3E8AFB72220736F757263655265663D226578636C7573697665676174657761793222207461726765745265663D22656D706C6F796565223E0A2020202020203C636F6E646974696F6E45787072657373696F6E207873693A747970653D2274466F726D616C45787072657373696F6E223E3C215B43444154415B247B726573756C743D3D307D5D5D3E3C2F636F6E646974696F6E45787072657373696F6E3E0A202020203C2F73657175656E6365466C6F773E0A202020203C73657175656E6365466C6F772069643D22666C6F7731382220736F757263655265663D226C6561646572436865636B22207461726765745265663D226578636C75736976656761746577617931223E3C2F73657175656E6365466C6F773E0A202020203C73657175656E6365466C6F772069643D22666C6F77313922206E616D653D22E9A286E5AFBCE4B88DE5908CE6848F2CE9878DE696B0E794B3E8AFB72220736F757263655265663D226578636C7573697665676174657761793122207461726765745265663D22656D706C6F796565223E0A2020202020203C636F6E646974696F6E45787072657373696F6E207873693A747970653D2274466F726D616C45787072657373696F6E223E3C215B43444154415B247B6C6561646572526573756C743D3D307D5D5D3E3C2F636F6E646974696F6E45787072657373696F6E3E0A202020203C2F73657175656E6365466C6F773E0A20203C2F70726F636573733E0A20203C62706D6E64693A42504D4E4469616772616D2069643D2242504D4E4469616772616D5F6C6561766550726F63657373223E0A202020203C62706D6E64693A42504D4E506C616E652062706D6E456C656D656E743D226C6561766550726F63657373222069643D2242504D4E506C616E655F6C6561766550726F63657373223E0A2020202020203C62706D6E64693A42504D4E53686170652062706D6E456C656D656E743D2273746172746576656E7431222069643D2242504D4E53686170655F73746172746576656E7431223E0A20202020202020203C6F6D6764633A426F756E6473206865696768743D2233352E30222077696474683D2233352E302220783D223136302E302220793D223138302E30223E3C2F6F6D6764633A426F756E64733E0A2020202020203C2F62706D6E64693A42504D4E53686170653E0A2020202020203C62706D6E64693A42504D4E53686170652062706D6E456C656D656E743D22656D706C6F796565222069643D2242504D4E53686170655F656D706C6F796565223E0A20202020202020203C6F6D6764633A426F756E6473206865696768743D2235352E30222077696474683D223130352E302220783D223234302E302220793D223137302E30223E3C2F6F6D6764633A426F756E64733E0A2020202020203C2F62706D6E64693A42504D4E53686170653E0A2020202020203C62706D6E64693A42504D4E53686170652062706D6E456C656D656E743D226C6561646572436865636B222069643D2242504D4E53686170655F6C6561646572436865636B223E0A20202020202020203C6F6D6764633A426F756E6473206865696768743D2235352E30222077696474683D223130352E302220783D223434302E302220793D223137302E30223E3C2F6F6D6764633A426F756E64733E0A2020202020203C2F62706D6E64693A42504D4E53686170653E0A2020202020203C62706D6E64693A42504D4E53686170652062706D6E456C656D656E743D226578636C75736976656761746577617931222069643D2242504D4E53686170655F6578636C75736976656761746577617931223E0A20202020202020203C6F6D6764633A426F756E6473206865696768743D2234302E30222077696474683D2234302E302220783D223632352E302220793D223137392E30223E3C2F6F6D6764633A426F756E64733E0A2020202020203C2F62706D6E64693A42504D4E53686170653E0A2020202020203C62706D6E64693A42504D4E53686170652062706D6E456C656D656E743D224A696E676C6931436865636B222069643D2242504D4E53686170655F4A696E676C6931436865636B223E0A20202020202020203C6F6D6764633A426F756E6473206865696768743D2235352E30222077696474683D223130352E302220783D223833352E302220793D223137322E30223E3C2F6F6D6764633A426F756E64733E0A2020202020203C2F62706D6E64693A42504D4E53686170653E0A2020202020203C62706D6E64693A42504D4E53686170652062706D6E456C656D656E743D224A696E676C6932436865636B222069643D2242504D4E53686170655F4A696E676C6932436865636B223E0A20202020202020203C6F6D6764633A426F756E6473206865696768743D2235352E30222077696474683D223130352E302220783D223834372E302220793D223236382E30223E3C2F6F6D6764633A426F756E64733E0A2020202020203C2F62706D6E64693A42504D4E53686170653E0A2020202020203C62706D6E64693A42504D4E53686170652062706D6E456C656D656E743D224A696E676C6933436865636B222069643D2242504D4E53686170655F4A696E676C6933436865636B223E0A20202020202020203C6F6D6764633A426F756E6473206865696768743D2235352E30222077696474683D223130352E302220783D223833352E302220793D2238302E30223E3C2F6F6D6764633A426F756E64733E0A2020202020203C2F62706D6E64693A42504D4E53686170653E0A2020202020203C62706D6E64693A42504D4E53686170652062706D6E456C656D656E743D226578636C75736976656761746577617932222069643D2242504D4E53686170655F6578636C75736976656761746577617932223E0A20202020202020203C6F6D6764633A426F756E6473206865696768743D2234302E30222077696474683D2234302E302220783D223937302E302220793D223137372E30223E3C2F6F6D6764633A426F756E64733E0A2020202020203C2F62706D6E64693A42504D4E53686170653E0A2020202020203C62706D6E64693A42504D4E53686170652062706D6E456C656D656E743D22656E646576656E7431222069643D2242504D4E53686170655F656E646576656E7431223E0A20202020202020203C6F6D6764633A426F756E6473206865696768743D2233352E30222077696474683D2233352E302220783D22313035352E302220793D223138302E30223E3C2F6F6D6764633A426F756E64733E0A2020202020203C2F62706D6E64693A42504D4E53686170653E0A2020202020203C62706D6E64693A42504D4E456467652062706D6E456C656D656E743D22666C6F7731222069643D2242504D4E456467655F666C6F7731223E0A20202020202020203C6F6D6764693A776179706F696E7420783D223139352E302220793D223139372E30223E3C2F6F6D6764693A776179706F696E743E0A20202020202020203C6F6D6764693A776179706F696E7420783D223234302E302220793D223139372E30223E3C2F6F6D6764693A776179706F696E743E0A2020202020203C2F62706D6E64693A42504D4E456467653E0A2020202020203C62706D6E64693A42504D4E456467652062706D6E456C656D656E743D22666C6F7732222069643D2242504D4E456467655F666C6F7732223E0A20202020202020203C6F6D6764693A776179706F696E7420783D223334352E302220793D223139372E30223E3C2F6F6D6764693A776179706F696E743E0A20202020202020203C6F6D6764693A776179706F696E7420783D223434302E302220793D223139372E30223E3C2F6F6D6764693A776179706F696E743E0A2020202020203C2F62706D6E64693A42504D4E456467653E0A2020202020203C62706D6E64693A42504D4E456467652062706D6E456C656D656E743D22666C6F773130222069643D2242504D4E456467655F666C6F773130223E0A20202020202020203C6F6D6764693A776179706F696E7420783D223636352E302220793D223139392E30223E3C2F6F6D6764693A776179706F696E743E0A20202020202020203C6F6D6764693A776179706F696E7420783D223833352E302220793D223139392E30223E3C2F6F6D6764693A776179706F696E743E0A20202020202020203C62706D6E64693A42504D4E4C6162656C3E0A202020202020202020203C6F6D6764633A426F756E6473206865696768743D2231342E30222077696474683D2235352E302220783D223639392E302220793D223231332E30223E3C2F6F6D6764633A426F756E64733E0A20202020202020203C2F62706D6E64693A42504D4E4C6162656C3E0A2020202020203C2F62706D6E64693A42504D4E456467653E0A2020202020203C62706D6E64693A42504D4E456467652062706D6E456C656D656E743D22666C6F773131222069643D2242504D4E456467655F666C6F773131223E0A20202020202020203C6F6D6764693A776179706F696E7420783D223634352E302220793D223231392E30223E3C2F6F6D6764693A776179706F696E743E0A20202020202020203C6F6D6764693A776179706F696E7420783D223634352E302220793D223239372E30223E3C2F6F6D6764693A776179706F696E743E0A20202020202020203C6F6D6764693A776179706F696E7420783D223834372E302220793D223239352E30223E3C2F6F6D6764693A776179706F696E743E0A20202020202020203C62706D6E64693A42504D4E4C6162656C3E0A202020202020202020203C6F6D6764633A426F756E6473206865696768743D2231342E30222077696474683D2236392E302220783D223730302E302220793D223330392E30223E3C2F6F6D6764633A426F756E64733E0A20202020202020203C2F62706D6E64693A42504D4E4C6162656C3E0A2020202020203C2F62706D6E64693A42504D4E456467653E0A2020202020203C62706D6E64693A42504D4E456467652062706D6E456C656D656E743D22666C6F773132222069643D2242504D4E456467655F666C6F773132223E0A20202020202020203C6F6D6764693A776179706F696E7420783D223934302E302220793D223130372E30223E3C2F6F6D6764693A776179706F696E743E0A20202020202020203C6F6D6764693A776179706F696E7420783D223939302E302220793D223130372E30223E3C2F6F6D6764693A776179706F696E743E0A20202020202020203C6F6D6764693A776179706F696E7420783D223939302E302220793D223137372E30223E3C2F6F6D6764693A776179706F696E743E0A2020202020203C2F62706D6E64693A42504D4E456467653E0A2020202020203C62706D6E64693A42504D4E456467652062706D6E456C656D656E743D22666C6F773133222069643D2242504D4E456467655F666C6F773133223E0A20202020202020203C6F6D6764693A776179706F696E7420783D223934302E302220793D223139392E30223E3C2F6F6D6764693A776179706F696E743E0A20202020202020203C6F6D6764693A776179706F696E7420783D223937302E302220793D223139372E30223E3C2F6F6D6764693A776179706F696E743E0A2020202020203C2F62706D6E64693A42504D4E456467653E0A2020202020203C62706D6E64693A42504D4E456467652062706D6E456C656D656E743D22666C6F773134222069643D2242504D4E456467655F666C6F773134223E0A20202020202020203C6F6D6764693A776179706F696E7420783D223935322E302220793D223239352E30223E3C2F6F6D6764693A776179706F696E743E0A20202020202020203C6F6D6764693A776179706F696E7420783D223939302E302220793D223239372E30223E3C2F6F6D6764693A776179706F696E743E0A20202020202020203C6F6D6764693A776179706F696E7420783D223939302E302220793D223231372E30223E3C2F6F6D6764693A776179706F696E743E0A2020202020203C2F62706D6E64693A42504D4E456467653E0A2020202020203C62706D6E64693A42504D4E456467652062706D6E456C656D656E743D22666C6F773135222069643D2242504D4E456467655F666C6F773135223E0A20202020202020203C6F6D6764693A776179706F696E7420783D223634352E302220793D223137392E30223E3C2F6F6D6764693A776179706F696E743E0A20202020202020203C6F6D6764693A776179706F696E7420783D223634352E302220793D223130372E30223E3C2F6F6D6764693A776179706F696E743E0A20202020202020203C6F6D6764693A776179706F696E7420783D223833352E302220793D223130372E30223E3C2F6F6D6764693A776179706F696E743E0A20202020202020203C62706D6E64693A42504D4E4C6162656C3E0A202020202020202020203C6F6D6764633A426F756E6473206865696768743D2231342E30222077696474683D2235352E302220783D223639302E302220793D223132302E30223E3C2F6F6D6764633A426F756E64733E0A20202020202020203C2F62706D6E64693A42504D4E4C6162656C3E0A2020202020203C2F62706D6E64693A42504D4E456467653E0A2020202020203C62706D6E64693A42504D4E456467652062706D6E456C656D656E743D22666C6F773136222069643D2242504D4E456467655F666C6F773136223E0A20202020202020203C6F6D6764693A776179706F696E7420783D22313031302E302220793D223139372E30223E3C2F6F6D6764693A776179706F696E743E0A20202020202020203C6F6D6764693A776179706F696E7420783D22313035352E302220793D223139372E30223E3C2F6F6D6764693A776179706F696E743E0A20202020202020203C62706D6E64693A42504D4E4C6162656C3E0A202020202020202020203C6F6D6764633A426F756E6473206865696768743D2231342E30222077696474683D2232342E302220783D22313030392E302220793D223231332E30223E3C2F6F6D6764633A426F756E64733E0A20202020202020203C2F62706D6E64693A42504D4E4C6162656C3E0A2020202020203C2F62706D6E64693A42504D4E456467653E0A2020202020203C62706D6E64693A42504D4E456467652062706D6E456C656D656E743D22666C6F773137222069643D2242504D4E456467655F666C6F773137223E0A20202020202020203C6F6D6764693A776179706F696E7420783D223939302E302220793D223231372E30223E3C2F6F6D6764693A776179706F696E743E0A20202020202020203C6F6D6764693A776179706F696E7420783D223939302E302220793D223532342E30223E3C2F6F6D6764693A776179706F696E743E0A20202020202020203C6F6D6764693A776179706F696E7420783D223639302E302220793D223532342E30223E3C2F6F6D6764693A776179706F696E743E0A20202020202020203C6F6D6764693A776179706F696E7420783D223239322E302220793D223532342E30223E3C2F6F6D6764693A776179706F696E743E0A20202020202020203C6F6D6764693A776179706F696E7420783D223239322E302220793D223232352E30223E3C2F6F6D6764693A776179706F696E743E0A20202020202020203C62706D6E64693A42504D4E4C6162656C3E0A202020202020202020203C6F6D6764633A426F756E6473206865696768743D2234322E30222077696474683D223130302E302220783D223535302E302220793D223436392E30223E3C2F6F6D6764633A426F756E64733E0A20202020202020203C2F62706D6E64693A42504D4E4C6162656C3E0A2020202020203C2F62706D6E64693A42504D4E456467653E0A2020202020203C62706D6E64693A42504D4E456467652062706D6E456C656D656E743D22666C6F773138222069643D2242504D4E456467655F666C6F773138223E0A20202020202020203C6F6D6764693A776179706F696E7420783D223534352E302220793D223139372E30223E3C2F6F6D6764693A776179706F696E743E0A20202020202020203C6F6D6764693A776179706F696E7420783D223632352E302220793D223139392E30223E3C2F6F6D6764693A776179706F696E743E0A2020202020203C2F62706D6E64693A42504D4E456467653E0A2020202020203C62706D6E64693A42504D4E456467652062706D6E456C656D656E743D22666C6F773139222069643D2242504D4E456467655F666C6F773139223E0A20202020202020203C6F6D6764693A776179706F696E7420783D223634352E302220793D223137392E30223E3C2F6F6D6764693A776179706F696E743E0A20202020202020203C6F6D6764693A776179706F696E7420783D223634352E302220793D2233322E30223E3C2F6F6D6764693A776179706F696E743E0A20202020202020203C6F6D6764693A776179706F696E7420783D223439322E302220793D2233322E30223E3C2F6F6D6764693A776179706F696E743E0A20202020202020203C6F6D6764693A776179706F696E7420783D223239322E302220793D2233322E30223E3C2F6F6D6764693A776179706F696E743E0A20202020202020203C6F6D6764693A776179706F696E7420783D223239322E302220793D223137302E30223E3C2F6F6D6764693A776179706F696E743E0A20202020202020203C62706D6E64693A42504D4E4C6162656C3E0A202020202020202020203C6F6D6764633A426F756E6473206865696768743D2234322E30222077696474683D223130302E302220783D223432302E302220793D2234312E30223E3C2F6F6D6764633A426F756E64733E0A20202020202020203C2F62706D6E64693A42504D4E4C6162656C3E0A2020202020203C2F62706D6E64693A42504D4E456467653E0A202020203C2F62706D6E64693A42504D4E506C616E653E0A20203C2F62706D6E64693A42504D4E4469616772616D3E0A3C2F646566696E6974696F6E733E, '0');
INSERT INTO `act_ge_bytearray` VALUES ('3', '1', 'diagrams/LeaveProcess.png', '1', 0x89504E470D0A1A0A0000000D49484452000004470000020D0802000000535786E90000447049444154789CEDDD7F8CEC557D3FFE15459756C26D6AE5B669EC98366153AB6C8A09C81F653129779BB475931A59DB846E42B8D2D8DA9BA669B76DF436557AD3B476E9D71A6C2DDD8F7EF8741B73ED262A6C45EC56016F01E102A22B5C64911FAE20BA940B0CF7EEBDF7FD7DDF19EE30777E9C9D79CFCC79CF8FC723273773E7C77BDE73DE679E735E736667C612000080413696F70E0000007444550300000C36550D000030D854350000C06053D5000000834D550300000C36550D000030D854350000C06053D5000000834D550300000C36550D000030D854350000C06053D5000000834D550300000C36550D000030D854350000C06053D5000000834D550300000C36550D000030D854350000C06053D5000000834D550300000C36550D000030D854350000C06053D5000000834D550300000C36550D000030D854350000C06053D5000000834D550300000C36550D000030D8543590BF62B1B8BABABA77EFDEA9530A85C21830E0D22772E5499D3EC1575656363737F3CE1B80E1A4AA813CA5C5CCCCCCCCF8F87879D2B37ACAFAFA7ADEBB06742A7D22579ED4E9137C7A7A7AC78E1DE9937D797939EF5D031836AA1AC8C7C6C646F91D5CF31B1829E5F732262727D7D6D6F2DE1780E1A1AA811CACACAC4C4C4CA4939BBC7704C8C7C18307D3C266696929EF1D011812AA1A886D7979796A6ACAC7EB61C4158BC5D9D9D9C5C5C5BC77046018A86A20AAF5F5F5C9C949250D90940A9BA9A9A903070EE4BD2300034F5503515D74D145663040C5FAFAFAC4C4445ADEE4BD2300834D5503F12C2F2FCFCCCCE4BD17407FD9B367CFC2C242DE7B0130D8543510CFF4F4F4CACA4ADE7B01F497B5B5B5898989BCF70260B0A96A20928D8D8D9D3B77E6BD17A36E6C6C9BD00BFCA262BE3B567FFD663BD67053AD9F492E7C3615A0435ED220121F3FEB07D5F3F886454BB3897EF515C25AB9DAB6D769B803DB9658F5D7D9F6FADBF61871F8101A4087BCA44124662DB9AB4CF4EBCFACFE6FEB9546C32D04CE6C768FADDCAAC58D6F7BCD0C0F9008BCEB01D0212F6310C9D4D4949FDDCC51C3E2A1E1A4BF932DD79CD9B072687651A0C668F1CAF58F31FC00331454F4883FAD01E890973188C4E7E6FB417501B06D61D0ECB6DB9ED9FA765A2FAB5AAC466A8A99562A9F6D779808D6D7D70B8542DE7B0130C0BC8C4124E994259DB8E4BD17345EA8A939DDCAFA49E59A49F3E2A4E116B6BDAF66BB1DDEABC07D657B7444E6100074428642243B76ECD8DCDCCC7B2F465778C69F61423956B72A12B8B4D999F5F71BA86AB63DDDECD2566E6B4A9D3B8700A0133214223165E91FED563581CA215C24B452D5B4B866D2CA1A4BB8726B6587C9914300D009190A9198B2F4899A82A4E6DFB0CA75EAB7D66CE3CD2A8D667BD5D643D8F6D216EBA89A07452E1C02804EC85088C49425770D8B8AFAE3D2CA39DB5ED4CA4D6AF6A7FE4492DCB47B6CF74DA7CEDCB61A6958A7258DEA9CF06972E110007442864224A62CFDA06149B36D1913A7AA6978E64DBB5FAE6AB6DD78A03ACAB093C4E770007442864224A62C7DA2E15C3F30EF0F7F3AABAD82A1D9E7D0EAD75E4E5D7AE8DA6B6FAABF4278B926BC3ED3CACE930B8703A013321422316501024404402764284462CA02048808804EC85088C494255FDBFEF10CE4CB8004E8840C85484C597257F98393F09FA6402E0C42804EC85088C494A5DF3822F4150312A0133214223165E91F166AE843C621402764284462CA92AFFAEAC511A1AF1890009D90A11089294BEEFC5D0DFDCC2004E8840C85484C5972573904166DE843C621402764284462CA92BBEAAAC6420DFDC63804E8840C85484C597267AD867E661C027442864224A62CB9B356433F330E013A214321125396DC550A186B35F421E310A0133214223165C95DC34FA059ABA14F1887009D90A11089290B102022003A214321125316204044007442864224A62C40808800E8840C85484C5980001101D009190A9198B200012202A013321422316501024404402764284462CA02048808804EC85088C49405081011009D90A11089290B102022003A214321125316204044007442864224A62C40808800E8840C85484C5980001101D009190A9198B200012202A013321422316501024404DD522C16979696666767A7A6A60A85C2D8A84A1F7BDA033333338B8B8B9B9B9B791F167A4E86422463A62C40732282AE5859594967F3694973C30D377CE9965B0E3DFCF0D1ADADD16CE9634F7B60FFFEFD575C7145DA27696D93F7C1A1B764284462CA020488083AB4B9B9393737B76BD7AEC71E7FECE8D651ADBA3DFD83A7D3DA26ED9C8D8D8DBC0F14BD224321125316204044D089B4A4999C9CFC97EB3F7974EB88D6AC7DFE0B9FBFF0C20BD7D7D7F33E5CF4840C85484C598000114127E6E6E64A25CD4B5AB87DE9969B2FB9E457F23E5CF4840C85484C5980001141662B2B2BBB765DB675ACA8B5D2FEE44FFFF89A6B3E9CF741A3FB64284462CA02048808B229168B8542E1F127D6B78EBDA8B5D20E3FFFA3F3CF7FDBDADA5ADE878E2E93A11089290B102022C8667171716E6E6EEBD80B9576E9F4AFB7F8DDC7D5B71AA976CD357F353F3F9FF7A1A3CB64284462CA02048808B2999999D9FFD97F7FA5A4B96CD7F792E4D1E3C9435BC9378F24F71E49EE3A7C6CE1B35FFEE213CFDE7134F99F62724731B9F585E4E697927FB8F5FEDD57BF2FF7022397F6F5BB0F4C4E4EE67DE8E832190A9198B2000122826C2626261E78E09EAD63CF975B3A900E27C9F32792678F253F3C9ABC90247FF4E71F1A3BE3F5175D36F3C456F2D891E4B19792F56272E858F299AFDD5B5AAE797E04DBE1E79F191F1FCFFBD0D165321422316501024404D9ECD8B1E307CF3CB175EC70B9A503E985E3C991E3272F3A76E2E4BF9FBBF13F7FE6E77FE92F3EF277C792E4B963C9B35BC90FB792CD24B9F9CEFB4A55CDE1D16C9E71C3C71185480428102022C8A654993C5769E97F9F3F963CF36272F4F8CB57D8DCDCFCFB8F7DE2C37FFBB1C79E3CF903945B2792A3A56AE7F6AFDF5B73DB916A9E71C3C71185480428102022C8A65499FC6FA59DAC6A8E274FBF907CFF70B29524478F1C9938EFBCB1B1578F8D8DBFFBBD5754DFF0AEBBEFA9B9ED4835CFB8E1E388422402140810116453AA4C9EADB4F227D09E793179F2B9E4A99792BB1EF8CEB9E79EFBEAD7BCF6AC73DE30FBDBA75535777EFDEE9ADB8E54F38C1B3E8E284422408100114136A5CA64B3D2D2FFBE7822F961F1E45ACDD32F25B7DCB9F6D6F32F78C34FBDF19C1D3FF1894F7DE6A524397C2479E1C8C91BDE7AE0CE9ADB8E54F38C1B3E8E284422408100114136E9C83976EC4795561E486961F3EC56F2A3A3C993CF6DDD7EFFFAF9BFFCF64B7FF5D79E3A927CBF983C554C9E3992A475CDAD77DC5973DB916A9E71C3C71185480428102022C8A6A63299BAF492FBBEF5D05DF7AF1D38B876DBDD6BB7DDF3E0EDF73DFC5F777CF36BF73FF295BB1FFCEADDDFBEED9E6F1FB8F7C1FB1FFAEEC7FFE9FAF75CFE9EDCAB0B550DDDE288422402140810116453AA6A7E58DDDEFFFEF78DB5E0B7DEFDEE9A1B8E54F38C1B3E8E284422408100114136A5AAE619ADDDE619377C1C51884480020122826C4E5635C77FA0B5DB3CE3868F230A910850204044904DA9AA795A6BB779C60D1F47142211A0408088209B5255F394D66EF38C1B3E8E284422408100114136A5AAE6FB5ABBCD336EF838A210890005024404014B4B4BEBEBEB0D2F2A55351B5ABBCD336EF838A210890005024404CD3CF8E083E5EF623EFBECB3F7EFDF5F73A9AA46554399230A910850204044D04CB1583CE38C33CA85CD99679EF996B7BCA57ADDA654D57CAF8BADF50D36FC199C4EEEA2727EFD89AE37CFB8E1E3884224021408101104ECDCB9B3BA7238EBACB3AEBCF2CAB4DA494A23E7F8F127BBD82A1BAC29576ACEACB966CD89FA6D8635DB4ED71F5DF52EE57D54E93247142211A040402022D2C9EBEAEAEADEBD7BA74E29140ADB4E13191DC78F3FD1ADD6706B356756FE1B3871E3552FEFDB553736DD6C5B1BECEEC32C6F307D2AC53940E913B6F2E44D9FC82B2B2B9B9B9B31E365449866412463AA1AA0B98611911633333333E3E3E3E5C9D0EA29CDFE709C6175CE39E754A6C83325E990585B5B4B5E5EAB79BC2BADB2A9EA6DD66FBFFA6AF54E5E74E3EF8C5DF5E9D2753E7DD5D8EFDCD8FC8E6ACEAC6CA17E4FBAF8302B1B8C76F8D2276CE5C99B3E91A7A7A777ECD8911EC1E5E5E568FB300A4CB32012550D105013111B1B1BE57776CD7BD8DCDC2C4FF7272626AEBAEAAAF4DFA5A5A5CAA5A5E9FE635D695575C52BE754FEAD39337CE254FB54A9AA396DE38D0AA1065BAEBEB48B8FB1FABE723CA6C9A9F72C262727CBD5299D33CD8248720F50A09F5547C4CACA4A3A734D273DF9ED0E7DE4D1471F1D1F1F9F9E9E2E140AF3F3F3351F5E2ACDF8BFDBC556D960F596ABCF3C556C34B866F54D1E5AB860ECE427D06AB7D0CAE99ABBEBEE03AC6C39AF035AEDE0C1836961535DA692595F1C5118057D12A0407FAA44C4F2F2F2D4D4948FDD532D1D158B8B8B0D3F79D8DD497FC3FA245C72D42DBC9C76AB1BAF7AB9B009AED57CB77A83E1DD18B2AA2629FDE1DCECEC6C7A7CF3DE9181D72F4714865EFF0428D087CA11914E5B2727279534B4AE34EF7FB42BEDF44AE3B4FF56DF4BFD3D06F6E1A1855F7EC7C2576AAED3F074F5BDD49FE87AEBAB17E5B4B0999A9A3A70E040DE3B32D8FAE888C270EBAB0005FA4D39222EBAE822331BDA7272DE7F62BD77AD7EFB95731A2FBCA417DDF8DEB1DD8BE5EBDCB87BECAA1B9B5EF9959BD46DB9D9BD77F171E57DE84EB3BEBE3E313151FEB66EB2E9AF230A43ACDF0214E82B69442C2F2FCFCCCCE4BD230C98D2BCFF912EB65395C62BFF0D5FA1E175D262A6EC1D0BABF5D7D9F674F944F51DF5E261E67DE86AEDD9B367616121EFBD18607D77446158F5618002FD238D88E9E9E9959595BC778401539AEE7FA72BED5415517B66BBD769E58EC2E757EEA5FA9C6E3DCCCA06F33E74B5D6D6D6262626F2DE8B01D677471486551F0628D03FD288D8B97367DE7BC1E0294DF71FEE7A6BF251B16DAED0E2CE34BC5AF5CDABAFD0D696DB7A80791FBA067C06B513FD78446128F56780027D62ACF4EB8A79EF0583A734DD3FA4B5DBFAF345D987D03AD18F471486527F0628D027D288309B21835255F390D66EEBCF17657F5CD7897E3CA23094FA3340813E9146849FDD240355CD305535FEB4A613FD78446128F56780027D228D8801FD3CBD70CB57DAFF274E3CA8B5DBFA73DCAEAFAF170A85BCF76250F5E31185A1D49F010AF48934221AFE727C7CCDFE0ABC6CDBEBF474073ADFF8F0295535DFD6DA6D7D3B9CFA76C7FA9F8E8348E414109046C4E6E666DE7B715220AC6A2EAAFE6FE056379DFAE992DD37852E6D78B9E4DC56A9AA59D3DA6D7D3BB4FA76C7FA9F8E8348E41410D03F1151DE9386EB24CD2E0AADA8A455CBCBD5CA2BA7AA1CBAF6E28BAF3DB4CDCE1050AA6ABEA5B5DBFA7668F5ED8EF53F1D0791C82920A07F22A2C5B59AFAAB6DF7101A55356951D37809A7C56D928C8F8FBFF8E23D274E7C536BABF5EDD0EADB1DEB7F3A0E2291534040FF44C4B66B3595ABB5FE772F278B97869F304B2B9D8B2FBEB8EA0368ED2D0491248542E19147BE78E2C4035A5BAD6FC752DFEE58FFD37110899C0202FA2722EA0B988667B6BF56D3F82368C9A143E50FA0A5954FFDA5FDD32D7D6B7A7AFAA695EB4E24DFD05A6FDF5AFB5CDF7E81B2319F998E8348E41410D03F11D17A55D3EE424AF96F685EF97A80D38B98FABFB069B827D4D8B76FDFFCFC95B9D70983D5FE75F123737373791FBAC60CF8CC741C4422A78080FE8988163F815673FDA6AA16681AACD5549D55BF56A3AA69C5FAFAFAC4C49B5F2CDE7522B95F6BB1CDCCBC73797939EF43D798019F998E8348E41410D03F1111D893CA4535F546FD899AEF3E2B6BF86567CD2E0D7FDA8D6A7B4FBAFA44729FD64AFBB7A5BF999D9DCEFBA03565B467A6E32012390504F44F4464A86A1A9E79D3EED0979BB5BB0FFDD33F7DA8582C4E4DBDFDC0814F27C9BD5AB86D6CDC3231F1E6CDCD5BF33E684D19EA99E93888444E0101FD1311CD3E66D6F07368CD3FA576E8DA6BB3143581BFCF69E54F7746D6DADADAE4E4796B6BCB4972506BD6D292262DFF56573F99F7E10A31C833D37110899C020244041D3A70E0405AD8ECDBF70749728F56DF96973F3A3151585DFDE7BC0FD4364441663A0E229153408088A073C562717E7E6E6AEA82C5C5BFDCD8B83949EED63637FF7B69E9AF676777CDCC4CA5A7F33E44DB130599E93888444E010122826E595D5D9D9BFB8D9D3B7FB2E1B76F8F9A1D3BCE9E9DBD2C2D6CF23E2CAD1A130559E93888444E0101220248444107741C4422A78000110124A2A0033A0E229153408088001251D0011D0791C829204044008928E8808E8348E4141020228044147440C74124720A08101140220A3AA0E3201239050488082011051DD07110899C020244049088820EE83888444E0101220248444107741C4422A78000110124A2A0033A0E229153408088001251D0011D0791C829204044008928E8808E8348E4141020228044147440C74124720A08101140220A3AA0E3201239050488082011051DD07110899C020244049088820EE83888444E0101220248444107741C4422A78000110124A2A0033A0E229153408088001251D0011D0791C829204044008928E8808E8348E4141020228044147440C74124720A08101140220A3AA0E3201239050488082011051DD07110899C020244049088820EE83888444E0101220248444107741C4422A78000110124A2A0033A0E7A686969298DA7F1F1F1C9C9C9F4C4CE9D3BD37F7FECC77E6C6D6D2DEF5D03FA8BA90C9088820EE838E8A1FFF88FFF18AB73E9A5972E2F2FE7BD6B407F3195011251D0011D073D542C165FF7BAD75597346F7BDBDB76EEDCB9B9B999F7AE01FDC5540648444107741CF4D69FFDD99FBDE635AFA95435BFF77BBF373F3F9FF74E017DC7540648444107741CF4DCB9E79E5B2E692EBFFCF242A1502C16F3DE23A0EF98CA008928E8808E839EFBCA57BE72E69967A639353D3DED2F6A80864C658044147440C7410CEF7CE73BCB554DDE3B02F42953192011051DD07110C3C6C6469A53BED01968C6540648444107741C4422A78000110123CBAFDB75850C65C8158BC5342C666767A7A6A60A8542FDAFC78C88F4B1A73D303333B3B8B8E87BA53B675C9519575D34A6AA8151E5D7EDBA428632CC565656D259573AF5BCE1861BBE74CB2D871E7EF8E8D6D668B6F4B1A73DB07FFFFE2BAEB822ED93740E9AF7C11960C69571D50BAA1A18597EDDAE2B6428C3290D82B9B9B95DBB763DF6F86347B78E6AD5EDE91F3C9DCE41D3CED9D8D8C8FB400D18E3CAB8EA1D550DDD6231B96CB01693FDBA5DE7642843280DAFC9C9C97FB9FE9347B78E68CDDAE7BFF0F90B2FBC707D7D3DEFC335308C2BE3AAA7C654357483C5E4C15D4CF6EB761D92A10CA1B9B9B9D2D4F3252DDCBE74CBCD975CF22B791FAE81615C19573DA5AAA1431693077D31D9AFDB754886326C56565676EDBA6CEB58516BA5FDC99FFEF135D77C38EF8336008C2BE3AAD7543574C262F2702C26FB75BB4EC850864AB1582C140A8F3FB1BE75EC45AD9576F8F91F9D7FFEDB7C77649871655C45A0AAA1131693876331D9AFDB7542863254161717D364DF3AF642A55D3AFDEB2DFE5961F5AD46AA5D73CD5FF993C430E3CAB88A405543661693876931591464A6E3182A333333FB3FFBEFAF4C3D2FDBF5BD2479F478F2D056F2CD23C9BD4792BB0E1F5BF8EC97BFF8C4B3771C4DFEA798DC514C6E7D21B9F9A5E41F6EBD7FF7D5EFCB7D22984BFBFADD07262727F33E747DCDB832AE223095211B8BC9C3B4985CFEE3A8FEFFC6B6FE2443192A1313130F3C70CFD6B1E7CB2D9D251C4E92E74F24CF1E4B7E7834792149FEE8CF3F3476C6EB2FBA6CE689ADE4B123C9632F25EBC5E4D0B1E4335FBBB7F4B6FAF323D80E3FFFCCF8F878DE87AEAF1957C65504AA1AB2B1989CA1F5E762725ACC5C72C925FF72FDF55353530A9B0C642827DFE6595E5EDEBB77EFCCCCCCD429D3D3D3E9394B4B4B83F5BCDAB163C70F9E7962EBD8E1724B23FB85E3C991E3272F3A76E2E4BF9FBBF13F7FE6E77FE92F3EF277C792E4B963C9B35BC90FB792F411DE7CE77DA57C3F3C9ACD742ACCB832AE7ACD1BB46466313943EBC3C5E4724973D7D7EF3EBA752CFD77E80B9BC0E4332DD4B37D559D979C91968EA774008D8F8FA7432A1D46FBF77FF64BB77CB9DC3EFF851B3FF8C10FCDCECEA6F3B98B2EBAA8FFBFE5BDAC34837CAED2D2FF3E7F2C79E6C5E4E8F197AF9066C4DF7FEC131FFEDB8F3DF6E4C927CCD689E46869567AFBD7EFADB9ED4835B3CF30E3CAB8EA296FD0D2098BC943B0985C5DD294DB101736E9E4339D766EBB9098969DD75D775D5B3FDAE32567441D3C78B0FC83BB69F552790A356BB7DE76FB1557FC6E3ABC565757F3DEF16D9402FA7F2BEDE4ECF378F2F40BC9F70F275B4972F4C89189F3CE1B1B7BF5D8D8F8BBDF7B45F50DEFBAFB9E9ADB8E5433FB0C33AE8CABDE19B53768E93A8BC983BE985C5FD20C6B61934E232FBAE8A2163F1E595628145AFFE99E7E39A2C4B46FDFBEB444F9D22D5FDEB69EA97976A5CFBAABAFBEBA9F7FECB614D0CF565A39DC9F793179F2B9E4A99792BB1EF8CEB9E79EFBEAD7BCF6AC73DE30FBDBA7CD3EEFFCFADD35B71DA9D63FE1DE9F8C2BE3AA4746EA0D5A7AC462F2402F26372B69862C10D2A9E3DCDC5CFD6ACC9FFCC99F567F50286D1FFCE08776EDDA5573CD999999563AA12F8E28D1A4A36A7676767E7EBEAD7AA6BAFDE3C73F9E3EC1FAF6A7794B01BD5969E97F5F3C91FCB078F23DF5A75F4A6EB973EDADE75FF0869F7AE3393B7EE2139FFACC4B4972F848F2C2919337BCF5C09D35B71DA9D627E1DEB78C2BE3AA1746E70D5A7ACA62F2E02E26874B9AA1098474D258B344F3810FFCE1A1871F0E3CEAA77FF04C3AE1DCB97367F5A2CDC18307C37794FF11259AB4A44947D5D2D252E692A6F281B4743BFDF9D3BCE9B83F76EC479556CEAC7402FAEC56F2A3A3C993CF6DDD7EFFFAF9BFFCF64B7FF5D79E3A927CBF983C554C9E3992A4F3CF5BEFB8B3E6B623D5FA21DCFB9971655C75DD88BC414B041693077431B99592660802219D2EA60549A538999E9E0ED73335B5CD073FF8A1CA6DC7C7C70F1C3810B82F2F3923647676B6F392A6F2044B0B9B3EFC285ACD0C72EAD24BEEFBD64377DDBF76E0E0DA6D77AFDD76CF83B7DFF7F07FDDF1CDAFDDFFC857EE7EF0AB777FFBB67BBE7DE0DE07EF7FE8BB1FFFA7EBDF73F97B729F059A7DF627E3CAB8EAAE11798396382C260FE26272EB25CD400742F9FDF44A59F2916BAEC930E7BCE186FF97D63395159BC0C785BCE48C8A7DFBF675F2C1B3FAB67FFF67676666F27E58B54AB3CF1F56B7F7BFFF7D632DF8AD77BFBBE68623D5CC3EC38C2BE3AA8B46E40D5AA2B1983C706FBBB45BD20C6E20CCCECE565E10D37963276FA6EFD8B1A3BC9DB4139ADD9D979C9170F0E0C1C9C9C92E9634E5B67BF7FBAEBBEEBABC1FDC694A01FD8CD66E33FB0C33AE8CAB6E1991376889C962F2605535D94A9A410C84E5E5E50E5769AADBE7BF7063656B0B0B0B0DEFD14BCE48484B9A6CCF9F707BECF1277EEEE70A7DF539B493E17EFC075ABBCDEC33CCB832AEBA6274DEA025268BC903B4985C1F02E964FDBCF3269AFDA9C9D33F78E6FCF3CFFF97EBAF1FC44048279FE591363D3DDD956967E56F6C76EEDCD970F2E92567F8957FEDA8EB254DB97DE0037FD8AC62CE4569F6F9B4D66E33FB0C33AE8CABCE8DCE1BB4446631795016931B9634E5BF18F9B99F2BD41736E592A63C8F1FB8C2666969A9BCE7E9037CECF127BA32E77CEEF0F3956F45DBB3674FFD9D7AC9197EE9D06FF7A7695A6FE9484D4758DE0FF115A5D9E7535ABBCDEC33CCB832AE3A34526FD01299C5E481584C0E94346535854D75493388854DBA7BE5DDFEC007FEB08BD3CEB413CA9BDDB16347FD9D7AC91972E9884F0F7C8F4A9A72BBF0C20BC35FB4175329DCBFAFB5DBCC3EC38C2BE3AA1323F5062DF1594CEEFFC5E4FA10A85E76A82F6CEA4B9AFA458F7E0E8474AF2ABBDDAD859A4A4B7BA9BCE5D5D5D59AFBF59233E4161717E7E6E67A5AD57CE49A6BE6E7E7633EA8A5A5A566BF96530AF70DADDD66F6991857C6556F8CDA1BB4C4673139C7C5E4C00B4745E0F7762BDFEB551D0877DF734FC392268D8EFA2DE4180881C79E4E3ECBBB9DEE5ED7A79DBB77BFFC6763F5934F2F3943EEEAABAFBEEEBAEB7A5AD57CE9962F07BE65AFEB1E7CF0C1F2683EFBECB3F7EFDF5F73A9D9A7D96736C69571D59656A632C9E8BD414B2EC62C26E7B4981C7EE128DBF6F776EB0B9BD7BEF6B5AD9434F90642F8B1A793CFF2A59D7FF559C3696779E3175D7451CDFD0EED4B0E65D3D3D3CD9E09DD6AE98B71FA921CED11158BC533CE38A33CA0CF3CF3CCB7BCE52DD5738B52B87FAF77ADB2FD6677D4FA0E34BC66FD99BD7E44957B897604FB535EE36ADB2D8F35D7D606EB876E84A135ACE3AA95A94C32BC6FD0920B8BC97DF8B64BF8852369F9F776EB03A1C59226C740083FF674F259BEA81753D074DA59DE78A1503BF91CCE971C2A7AF49DCED5EDB9C3CFA74FB9980FAAE69DCEB3CE3AEBCA2BAF2C7FC75FFADFE3C79FEC6EABDE66B3D3F56756EFE1B69BAD3FBF59BA75FDD155EE34E611EC4F91C755C311557FACB71D3F81D7C286DBD976CBC6D5B6B69DCA24C3FB062DB9B098DC9F554D127CE168EBF7769B1536DB9634390642E0B157BED3B94753D0CA9DD6ECD270BEE450918EB9AEFF9D56C3E155F9B28BDC1D3FFE44775BF53603DB6FB60F35376F77B77BF1881ADE4BFF1CC1FED4A36EAF3FC4F5FF0DEF5278DFEAAF1638D18B07987704F64AE0E53C19EA3768C945E4C5E4D637D870E8767217631157953B09A8F488AC964C4C4C543FF6D7BDEE753FFEE33F9E3EB5D3E7661A02AD7F03ED7FADFEF7AB5FFDEA9A9E7CD5AB5E75FDF5FFDAE216CA7F0ED0272FE595846CF6358F1DB6CAF66B8ECBD0BEE450963EDFBEF1C00311AA9A980FEA9C73CEA93C73664AD2A7F1DADA5AF2F27BEA8F77B76DFBECADB972FDCDDB3A1DB8DFAE3FB4EAFB8A7904FB53FC71557F3A3C7EDADD6CFD586A785FBD1B5A6323592D0FFD1BB4E422E66272658335C3B2E6CCB61681B77DE2C45F551E3BFD852F4DFBD553161616F69E323D3D3D754AF533B47CCE6B5EF39ACA99E98CEBFCF3CF9F9C9CFCD4A73E956EE4E0C18369143CFD8367B67D2237FC83BAB2865F93D8700BE9CEA4F718734C065E342BC55E8FA6A0952F5CA9D925539921D7D31FAB29B7C87F5753F9BAC0F43973D55557A5FF2E2D2D552E2DC5DF633D6AAD6CBC729DD3C3BAC1161A9EAEB97E8B77DA958716ED08F6A7BCC655C301533D0C02771DB86D60ECD55CDAEBA74C8EC7B4A7022FE7A3FC062D79E9FA1A72F8CCCA7F03274AEDFF5E35F63B37F6EBAAF2D8E96FBBA4B15FA95EF6ECD953A96A5656562AD54E4D0E845F3852AD14368192A66CDBC226979226FCD82B1DDB8B2968FA78CB1BAFFFC99AA17DC9A16C6E6EAEFA5B417BD16EBDEDF60B2FBC30DA237AF4D147D31A7D7A7ABA5028CCCFCFD7BC49594ABDEFF6A805365EF702D3F8CAC1D7A4D3EE65DBAB75FDA1453B82FDA91FC655FD306871D8046E18B8979E8EA8E11E57E197F3A17F83965CC4594CAE6CAA7A9BF5DBAFBE5AA35C2A5FEDD3579DFC5F5AD5F4E9AA72E701157EE1280B0742C31078D5AB5ED57A20E41502E1C79E4E3ECB7BFE8F1FFF78D7A79DDF78E081F2C62727276BF66A385F72A8585858E8EEAFBAD6B7B46ABAE28ADF8DF9A09697971717171B7E1B4C4F67698DB2BBA5196AEB33CEC0167AFDD0621EC1FE14795CD58FA5FA7F338FCCFA215A732FBD1E51C33DAEB69DCA0CF11BB4E422DA627255749CB6CC5B731795FF363FF1D58577A4F5CCA74A6B35B51B6F945439AC2A7725A0022F1C15CD02A1D937B9FFC3FFF7B1865F93D8F0177B730C81C063DFB76F5F79B7D3F961D7A79D1FB9E69AF2C66767676BEE77385F72A848475BFABADBD3AA66D7AE5D2B2B2B793FD0979582EFD15EB4F296ABB75F735F35576878CD66376F76E5BADCEFC9432BDF57DE87AEAFF5B4F36B064FFD486B76FD76C75260341A57EDDA762A33AC6FD0928BC88BC9950D566FB9FACC5391D27811B86A53FFE7AAB1DFBEB16E0BAD9CAEB9BB417FDBA53E109A9534E53FA86BF6FDEF35BFD8DBB721B0B6B656DEE7F4513C77F8F9EE4E3BD39E2C6F3C0DE19AFB1DDA971C2A7AFA8501E9604D876CE59B7F727732FB4EACF7A255B65C3E517F4795F3EBAF507DDB669ADD51FDF93D7A74791FBABED6EBCEAF1F5AD5C369DB61936D5CF5F4411957C9F0BE414B2EA22D268F35AE4F4225476DEC34AF6A9A26D5E9D709EFC620563549A340B8E28ADFAD0981EAEF08A92F6C76EDDA55A910FA3F04D20ABCBCDBFBF77FB68BD3CECA8FD58C95BE9AA5E64E47FA256744F4F443687FF7D18FA61BCFFB21BEA234517BA4EBAD66B30DEFA57C66F545A74576DD0DB73DDD20F77BF0D02AF795F7A1EB6B3D1D57DB8EAE6DCF69775C554657603C1B575D316A6FD0928BB1EEADBB9EF68A53F7918166CBC5CDD77E174B554D9FAE2AC70FA84061D3ECF7762B813058254D6A7E7EBEBCE769E27571B9E637DFF5AEF266676666EAEF74D45F724641B1584C2BE65EFC6A4D3A4CD397DB8D8D8DBC1FE22B4AF3B3EF74B7556FF3D45CF095133517B5BE03CDAE597D17AD5CBF5B8F31EF43D7D77AD7F90D8F72FDDDB53E1802E3AAD900EBE9A3CBFBD0E56FD4DEA025BEB11EAFBBD66FBF72CE582355D74CAB9AF7DE5875AB66725955CE25A01A0642F8F776D34018C410D8DCDCAC7C1DF947AEB9A62BD3CE5B6FBBBD32661AF680979C91B0B4B4F49ECB2FEF7A55D36F0B35C9CBE1FE702FDAA9E46D7C66E5A2E691DD6083CDEEA8FE0ACD36D2C54797F7A1EB6BBDEEFC86473C300E03FBD36CB005C6554F9F35791FBABE30526FD012DF58B7975B4FC54268B9B8E6CC26FBF0AFA5AAA64F5795F30AA8FA4008FFBCD5371E78604043606161A112749D7FC5F3A1871FAE9449575F7D75C37BF492332A7EF35DEFEAEE471BD3A759795531EF47769A52EA1DD2DA6D669F61C69571D5A1D1798396F8C6BAB7DC7AAA8AD866AD78DBEBB4BB4C9DCBAA728E01D5FAF7BF57B7410C818B2EBAA87C28D382A4956FAB6FD6D224AC7C7637DD54B34F0979C919159B9B9B175E7861B7BE36A0FCD1F07480E6FDB06A9552EF21ADDD66F619665C19579D1B9D376889AC47CBADDB7EEEA0E1155ADC998657ABBE79F515DADAF2A02C26B75BD80C6808ACAFAF57569ED36A241C7ACDDA638F3F512969C6C7C7EB7F0EB5C24BCE08595B5B4B0B9B4E6AE5CA53EB37DFF5AECF7FE1C6BC1F5003669F669FBD605C19575D313A6FD01293C5E4015D4C6EEB177B073704D222A45297A63549BBBFCB79EB6DB7573E78965A585808DC97979CD1923E25D27A371D22994B9A6F3CF0405A1AF567499394C2FDC48907B5765BEEE1DEE78C2BE3AA5B46E40D5A62F2B6CBE0BEEDD2E22FF60E7A082C2F2F577F094A3A116DF6E1DB9A259AF75C7E79F53260B8A449543523687373337D0A7DF0831F6AF7FDC2E70E3FFF771FFD68F9636C793F88A64AB3CF6F6BEDB67E08F77E665C19575D34226FD0128DAA6670AB9AA4855FEC1D8E10585B5B9B9898A82E51D2DA269D8BD6FF65445ACCFCE3C73FBE6BD7AEEA2BA74551E08367157D714489AC582CA623E9BCF326D22AA5C52F11FF97EBAF4FAFFF810FFC61FA04CB7BF7434AB3CF35ADDDD627E1DEB78C2BE3AABB46E40D5AE2B0983CE88BC9815FEC1DA610D8DCDCDCBB77EFF8F878C33FC7BAF0C20B9B5D343B3BDBE28F88F4CB1125BE7488ECD9B3272D7F7FF35DEF4A8B96FA3FE14ACFB9E186FFF79ECB2F4FAF73C515BFDBF0278DFB4D29DCBFA5B5DBFA27DCFB9371655C75DD88BC414B041693876031B9E12FF60E6508A493CFB9B9B986D54BBDB4070E1C38D0FAC6FBE888928B62B1B8BCBC9C8EB0FA9FBB4ECF494B9AA5A5A5B4BCCE7B375B9516FA2FBE78CF8913DFD4DA6A7D15EE7DC8B832AE7A6144DEA0350C7ACD62F2702C26570742CC10C8A51FD2C9673ABD4C279F9393933593CF42A130333373DD75D765F891F7FE3AA2D0A1F4C9F0C8235F3C71E201ADADD66FE1DE6F8C2BE3AA4706F10DDAF07BABDB5EA7A73BD0F9C607D198C5E461594C2E07C2A1871FEE2404727F86E668B0F71E6A4C4F4FDFB472DD89E41B5AEBED5B6B9F9B9898C8FBD0F535E3CAB8EA9DBCDEA0CD2C30EFA9B9A8FABFDBCD966EDA3DB6FBA626179435BC78D027615D613179981693D3A77FA150E824047AF30C1D0CC3F018A062DFBE7DF3F357E63E9F1BACF6AF8B1F999B9BCBFBD0F535E3CAB8EAA9AEBC411B4D79F6D3F02DDE66176DF76670B9726954B6BC52EC342E7B86632AD6218BC943B698FC0BBFF00B9DDCBC07CFD08131C0BB0EF5D6D7D72726DEFC62F1AE13C9FD5A8B6D66E69DCBCBCB791FBABE665C1957BDD6F91BB4D1B4F84E70FDD59ADCF0D0B517A7E54AD3B59A5354354D594CCED0FA7631F98E3BEE484775277FCFDCED67E82019F8070035F69E74F589E43EAD95F66F4B7F333B3B9DF7411B00C69571D56B83B2B4B5ED3BC195ABB5F31E70A8AA49EB9ECA52CE10BFCD9C99C5E40CAD6F1793DFF4A637A5C3F8F77FFFF7336FA137CFD0C130F00F006A148BC5A9A9B71F38F0E924B9570BB78D8D5B2626DEBCB9796BDE076D001857C655AF0DCA94A27E7AD4F0CC36DF09DE76ADA6F13506A5D37ACA62F2D02C265F7BEDB5E5EAE2A77FFAA73BF9B680A4FBCFD0C130F00F00EAADADAD4D4E9EB7B69606D641AD594BA79EE9347D75F593791FAE81615C19573D3528538AD6E74CD9D66A2A5F0F5053C41CBAF6E28BAF3DB4ED9E8C268BC943B098BCB9B959F919CAD7BEF6B5175C7041B6EDF4E6193A1806FE014043070E1C4827A0FBF6FD4192DCA3D5B7E5E58F4E4C145657FF39EF0335608C2BE3AA7706654AD1E2E75B6AAEBF9D266B355567D75F435553613179081693676666AA9F506F7AD39B161717336CA737CFD0C1303C8F046AA4293F3F3F373575C1E2E25F6E6CDC9C24776B9B9BFFBDB4F4D7B3B3BB6666A6D2D3791FA281645C19573D3228738BC07E562EAA9942D59FA82B52B6FF66E7860B35DBEED2E8B0983CD08BC99B9B9BF575C8CFFEECCFA6AF38ED6EAA4BCFD08134D87B0FDB5A5D5D9D9BFB8D9D3B7FB2E162EBA8D9B1E3ECD9D9CBD20968DE8765E01957D58CABAE181B90F944603FC79ACC991A9E79D3EE6DFE90A6AD7D1894DEEB298BC983BB98FCC94F7EB21CA76F7DEB5B2BD1FA8BBFF88BE96B4DBB9BEAD63374100DF0AEC360E9CFAF5B01FAC4A04C261AEE67651E96D4ADA254ABBAF4D0B5D766296A2ADB69EBA2D1613179401793BFFAD5AFBEFEF5AF2F140A3B76EC4887F1CE9237BEF18DDDAA6ADA7F860EA401DE7518209D7F033D30DC067A32415FB1985C6D5016930F1E3CB8BEBE9E9C8A82F4F440FC80555F91A11043E7DF400F0CB731550D200A3AA0E3A0E7BAF20DF4C0703395011251D0011D07BDD5AD6FA007869BA90C9088820EE838E8AD6E7D033D30DC4C658044147440C7410F75F11BE881E1662A0324A2A0033A0E7AA88BDF400F0C3753192011051DD071D0435DFC067A60B899CA008928E8808E83DEF20DF4402B4C658044147440C74124720A08101140220A3AA0E3201239050488082011051DD07110899C020244049088820EE83888444E0101220248444107741C4422A78000110124A2A0033A0E229153408088001251D0011D0791C829204044008928E8808E8348E4141020228044147440C74124720A08101140220A3AA0E3201239050488082011051DD07110899C020244049088820EE83888444E0101220248444107741C4422A78000110124A2A0033A0E229153408088001251D0011D0791C829204044008928E8808E8348E4141020228044147440C74124720A08101140220A3AA0E3201239050488082011051DD07110899C020244049088820EE83888444E0101220248444107741C4422A78000110124A2A0033A0E229153408088001251D0011D0791C829204044008928E8808E8348E4141020228044147440C74124720A08101140220A3AA0E3201239050488082011051DD07110899C020244049088820EE83888444E0101220248444107741C4422A78000110124A2A0033A0E229153408088001251D0011D0791C829204044008928E8808E8348E4141020228044147440C74124720A08101140220A3AA0E320123905048808622A168B4B4B4BB3B3B35353538542616C54A58F3DED81999999C5C5C5CDCDCDBC0FCB4963A2202B1D0791C82920404410CDCACA4A3A9B4F4B9A1B6EB8E14BB7DC72E8E1878F6E6D8D664B1F7BDA03FBF7EFBFE28A2BD23E496B9BBC0F8E28C84EC74124720A08101144B0B9B9393737B76BD7AEC71E7FECE8D651ADBA3DFD83A7D3DA26ED9C8D8D8D1C8F9128C84CC74124720A081011F45A5AD24C4E4EFECBF59F3CBA75446BD63EFF85CF5F78E185EBEBEB791D265190998E8348E414102022E8B5B9B9B95249F392166E5FBAE5E64B2EF995BC0E9328C84CC74124720A081011F4D4CACACAAE5D976D1D2B6AADB43FF9D33FBEE69A0FE772A44441663A0E229153408088A0778AC562A15078FC89F5AD632F6AADB4C3CFFFE8FCF3DFB6B6B616FF608982CC741C4422A780001141EF2C2E2ECECDCD6D1D7BA1D22E9DFEF516BFFBB8FA5623D5AEB9E6AFE6E7E7E31F2C5190998E8348E414102022E89D999999FD9FFDF7574A9ACB767D2F491E3D9E3CB4957CF34872EF91E4AEC3C7163EFBE52F3EF1EC1D4793FF29267714935B5F486E7E29F9875BEFDF7DF5FB722F3072695FBFFBC0E4E464FC83250A32D37110899C02024404BD333131F1C003F76C1D7BBEDCD2C17638499E3F913C7B2CF9E1D1E48524F9A33FFFD0D819AFBFE8B29927B692C78E248FBD94AC179343C792CF7CEDDED272CDF323D80E3FFFCCF8F878FC83250A32D37110899C02024404BDB363C78E1F3CF3C4D6B1C3E5960EB6178E27478E9FBCE8D88993FF7EEEC6FFFC999FFFA5BFF8C8DF1D4B92E78E25CF6E253FDC4A3693E4E63BEF2B55358747B3E5F2AC140599E93888444E01012282DE295526CF555AFADFE78F25CFBC981C3DFEF215363737FFFE639FF8F0DF7EECB1274FFE00E5D689E468A9DAB9FDEBF7D6DC76A49AAA66B0E83888444E01012282DE295526FF5B6927AB9AE3C9D32F24DF3F9C6C25C9D1234726CE3B6F6CECD56363E3EF7EEF15D537BCEBEE7B6A6E3B524D553358741C4422A780001141EF942A93672BADFC09B4675E4C9E7C2E79EAA5E4AE07BE73EEB9E7BEFA35AF3DEB9C37CCFEF66955CD9D5FBFBBE6B623D554358345C74124720A08181F1F2F168B79EF05C3A954996C565AFADF174F243F2C9E5CAB79FAA5E4963BD7DE7AFE056FF8A9379EB3E3273EF1A9CFBC9424878F242F1C3979C35B0FDC5973DB916AAA9AC1A2E32012390504140A85F5F5F5BCF782E194BE001D3BF6A34A2BBF1EA585CDB35BC98F8E264F3EB775FBFDEBE7FFF2DB2FFDD55F7BEA48F2FD62F2543179E64892D635B7DE7167CD6D47AAA96A068B8E8348E4141030393979F0E0C1BCF782E15453994C5D7AC97DDF7AE8AEFBD70E1C5CBBEDEEB5DBEE79F0F6FB1EFEAF3BBEF9B5FB1FF9CADD0F7EF5EE6FDF76CFB70FDCFBE0FD0F7DF7E3FF74FD7B2E7F4FEED5C5E854351B1B1B660B99E93888444E0101535353ABABAB79EF05C3A954D5FCB0BABDFFFDEF1B6BC16FBDFBDD35371CA916FF857B7D7DDD6C21331D0791C82920606E6E6E717131EFBD603895AA9A67B4765BFC17EE959515B385CC741C4422A78080B4A4490B9BBCF782E174B2AA39FE03ADDD16FF857BEFDEBD660B99E93888444E01016B6B6B13131379EF05C3A954D53CADB5DBE2BF704F4F4F9B2D64A6E32012390584F9C2007AA454D53CA5B5DB22BF706F6C6C140A05B385CC741C4422A780B08585853D7BF6E4BD170CA15255F37DADDD16F985BB9C00660B99E93888444E0161C562B150286C6C6CE4BD230CA4A5A5A5663F7954AA6A36B4765BCC17EECAD3DF6C21331D0791C829605BABABAB53535379EF0583E7C1071F2C7F17F3D9679FBD7FFFFE9A4B5535FD5FD554BE05D16C21331D0791C829A0157BF7EEF53934DA552C16CF38E38C726173E69967BEE52D6FA95EB7295535DFEB626B7D830D7F06A793BBA89C5F7FA2EB2DDA0BF7C2C2C2D5575F5D395871EE74F8E83888444E012D9A9F9F9F9E9EDEDCDCCC7B4718243B77EEACAE1CCE3AEBAC2BAFBC32AD7692D20BD0F1E34F76B155365853AED49C5973CD9A13F5DB0C6BB69DAE3FBAEA5DEAF5514B0FD0DCDC5CA5A449CC163AA0E320123905B46E6565A55028ECDDBBD79FD9F4C86A67161717F77666AA33E52FCB6ADDF1E34F74AB35DC5ACD9995FF363F71DBC23B4EEDDC55FFB7D966DBD9E0365BC8F6487B3702373737171616D2E358F3F3BB660B99E93888444E016D49273DE9DC379DF44C4F4FA727D2997417373E6A73FA7A1DEEC0DCDC5C873DD0E121A8FF628073CE39A7F2E8664AD2FD5C5B5B4B5E5EAB79BC2BADB2A9EA6DD66FBFFA6A8D4AACC71F5AB860ECAA4F97AE736B5ADE5C7563D33BAA39B3B285FA3DE9E2C3AC6C303DD035877ECF9E3DE14319FE7EF6F40AFBF6ED4B8F4E3A86D34DD5BF6D61B690998E8348E4149041B1585C59592997011DCEE3877B4E3FE2D21AB87C64272626AEBAEAAAF4DFA5A5A5CAA5A5E9FE635D695575C52BE754FEAD39337CA2D2D20AE71D0B5FADDE78BD865BAEBEB48B8FB1FABED2915633F61616166A0673CDB363727232FCD49B9F9F5F5E5E6EF611D331B385AC741C4422A700E891471F7D747C7C7C7A7ABA5028A493E69A197369C6FFDD2EB6CA06ABB75C7DE6A962A3C135EB76E6FF5C35F6DB3736DF5AE05EAAEFAEBB0FB0B2E5F887D26C21331D0791C829007A677979797171B1E12A567727FDCDEB93A62547DDC24B754973C1C243DF0D5CB9E626817A495533E2741C4422A700C84569DEFF6857DAE995C669FFADBE97FA7B6CB00F0F7DE81D63BFBCF050E3EB343C5D7D2FF527BADE54358345C74124720A805C9C9CF79F58EF5DABDF7EE59CC60B2FE94587D292E6BD37D6DDAAE95A4DA32D37BBF72E3EAE5C0E56FC3B1D0E3A0E22915300E4A234EF7FA48BED54A5F1CA7FC357A8BFCE8DBB4F2B5ADEB1B05A739D6D4F974F54DF512F1E662E072BFE9D0E071D0791C8290072519AEE7FA72BED5415517B66BBD769E58EC2E757EEA5FA9C6E3DCCCA06733958F1EF7438E83888444E01908BD274FFE1AEB7261F15DBE60A2DEE4CC3AB55DFBCFA0A6D6DB9AD0798CBC18A7FA7C341C74124720A805C94A6FB87B4769BAA66B0E83888444E01908B5255F390D66E53D50C161D0791C8290072A1AA51D58C021D0791C829007291BE009D38F1A0D66E53D50C161D0791C829007251AA6ABEADB5DB54358345C74124720A805C94AA9A35ADDDA6AA192C3A0E229153C0088A197DCDEE4BFC96AA9A6F69ED3655CD60D17110899C028640B35F2029DBF63A1DDE45F5756A4E24AA9AE6C6C7C75F7CF19E1327BEA9B5D554358345C74124720A18028128ABB9A8957A2375D3EE4ACDB2FBA696EF6EDB0AA7C57D1E118542E19147BE78E2C4035A5B4D553358741C4422A78021508EB286AB28CD2E0A2ED71CBAF6E28BAF3DB4CDDD85CF57D56C6B7A7AFAA695EB4E24DFD05A6FDF5AFBDCC4C444FC8365B866A6E3201239050C8116D76AEAAFD6F8866951D3688966DBBB6B787EE0CAC1CA6AF8EDDBB76F7EFECADCEB84C16AFFBAF891B9B9B9F8076B04C767B7E83888444E014360DBB59ACAD55AAA256EDA3D76F1C517972F2E55372D2EF5B45BD574FAB007DCFAFAFAC4C49B5F2CDE7522B95F6BB1CDCCBC73797939FEC1325C33D37110899C0286407D01D3F0CC56D76A52870E953F8076E8DA8BEB576DB62D54C277BACD5D8F92BD275D7D22B94F6BA5FDDBD2DFCCCE4EE772A40CD7CC741C4422A78021D07A55D3EEE7BEEAFFC2A6E17D05EE31BCCF23AE582C4E4DBDFDC0814F27C9BD5AB86D6CDC3231F1E6CDCD5B733952866B663A0E229153C01068F1136835D76FEAA6DD953FABA95FAB096FB6616515D867D6D6D62627CF5B5B5B4E92835AB396963469F9B7BAFAC9BC0E93E19A998E8348E41430045A291E6AAA91469F167BA59AA97CB373C3859A6677BAED62518BFB3C6A0E1C38901636FBF6FD4192DCA3D5B7E5E58F4E4C145657FF39C76364B866A6E3201239050C810C554DC3336FDADDDE579F052A966D3F87267EAB158BC5F9F9B9A9A90B1617FF7263E3E624B95BDBDCFCEFA5A5BF9E9DDD353333959ECEF70019AE99E93888444E014320F079B06DFFBAA6EAD243D75EDBB8A809FC054E7D0113FE939BB0561FF0905A5D5D9D9BFB8D9D3B7F72DB8E1A053B769C3D3B7B595AD8E47D584E1A1BF9C199998E8348E414001066B690998E8348E414001066B690998E8348E414001066B690998E8348E414001066B690998E8348E414001066B690998E8348E414001066B690998E8348E414001066B690998E8348E414001066B690998E8348E414001066B690998E8348E414001066B690998E8348E414001066B690998E8348E414001066B690998E8348E414001066B690998E8348E414001066B690998E8348E414001066B690998E8348E414001066B690998E8348E414001066B690998E8348E414001066B690998E8348E414001066B690998E8348E414001066B690998E8348E414001066B690998E8348E414001066B690998E8348E414001066B690998E8348E414001066B690998E8348E414001066B690998E8348E414001066B690998E8348E414001066B690998E8348E414001066B690998E8348E414001066B690998E8348E414001066B690998E8348E414001066B690998E8348E414001066B690998E8348E414001066B690998E8348E414001066B690998E8348E414001066B690998E8348E414001066B690998E8348E414001066B690998E8348E414001066B690998E8348E414001066B690998E8348E414001066B690998E8348E414001066B690998E8348E414001066B690998E8348E414001066B690998E8348E414001066B690998E8348E414001066B690998E8348E414001066B690998E8348E414001066B690998E8348E414001066B690998E8348E414001066B690998E8348E414001066B690998E8348E414001066B690998E8348E414001066B690998E8348E414001066B690998E8348E414001066B690998E8348E414001066B690998E8348E414001066B690998E8348E414001066B690998E8348E414001066B690998E8348E414001066B690998E8348E414001066B690998E8348E414001066B690998E8348E414001066B690998E8348E414001066B690998E8348E414001066B690998E8348E414001066B690998E8348E414001066B690998E8348E414001066B690998E8348E414001066B690998E8348E414001066B690998E8348E414001066B690998E8348E414001066B690998E8348E414001066B690998E8348E414001066B690998E8348E414001066B690998E8348E414001066B690998E8348E414001066B690998E8348E414001066B690998E8348E414001066B690998E8348E414001066B690998E8348E414001066B690998E8348E414001066B690998E8348E414001066B690998E8348E414001066B690998E8348E414001066B690998E8348E414001066B690998E8348E414001066B690998E8348E414001066B690998E8348E414001066B690998E8348E414001066B690998E8348E414001066B690998E8348E414001066B690998E8348E414001066B690998E8348E414001066B690998E8348E414001066B690998E8348E414001066B690998E8348E414001066B690998E8348E414001066B690998E8348E414001066B690998E8348E414001066B690998E8348E414001066B690998E8348E414001066B690998E8348E414001066B690998E8348E414001066B690998E8348E414001066B690998E8348E414001066B690998E8348E414001066B690998E8348E414001066B690998E8348E414001066B690998E8348E414001066B690998E8348E414001066B690998E8348E414001066B690998E8348E414001066B690998E8348E414001066B690998E8348E414001066B690998E8348E414001066B690998E8348E414001066B690998E8348E414001066B690998E8348E414001066B690998E8348E414001066B690998E8348E414001066B690998E8348E414001066B690998E8348E414001066B690998E8348E414001066B690998E8348E414001066B690998E8348E414001066B690998E8348E414001066B690998E8348E414001066B690998E8348E414001066B690998E8348E414001066B690998E8348E414001066B690998E8348E414001066B690998E8348E414001066B690998E8348E414001066B690998E8348E414001066B690998E8348E414001066B690998E8348E414001066B690998E8348E414001066B690998E8348E414001066B690998E8348E414001066B690998E8348E414001066B690998E8348E414001066B690998E8348E414001066B690998E8348E414001066B690998E8348E414001066B690998E8348E414001066B690998E8348E414001066B690998E8348E414001066B690998E8348E414001066B690998E8348E414F448BB4FAEB12AAD6C2A70B56677DDFA2E4906A09A4CC84CC74124720AC6B6D3CAD5B6BDCEB6F7DBCABE559F53B942F5951B9EAE3FB395FB0DF619305A6442663A0E229153502F5C126C7BD1B6D5455B1BEFCA7D352B636A6EDE7A49068C143990998E8348E414D40B54350D67FCCD2E0AD4062D5EB9BE68C9B69D668FAB7EFBE1D3C068920399E93888444E418D664F8AC093255C03B4B2C1C0166A8A99D62B96C03D36DC88AA0668460E64A6E320123905D52A13FD66C549C3C5909A1A20BC6012BE66F5F503F7D57AED54BF9D6657DE767F8091250732D37110899C828AB1BA5591C0A5CDCE6CBDDE6876ABF0160255CDB6A548B387D6EEFE00A3460E64A6E320123905650D67FCDB96130DAB9A16D73A5A591BA93F3F5B711528D85A7CE0C028930399E93888444E417D21517369F5898615C8B64B1FADEC438B9706AA9A6697D6EC7CC30D268D1E5AB82A0346871CC84CC74124720A6A049656B6BD49B32591AADBDEB47B6CF74DA7CE6C65AD26F06FC31D0B945835B7AAB93B6B3540337220331D0791C829A8D1C5AAA6E19937ED7EB9AAD976E381EAA8592952B326537351EBCF77C90054930999E93888444E418DB6AA9AEA6AA1D94AC8E9971EBAF6DA9BEAAF105EAE69657DA67EF7EA6FB8ED7D6DDB09C068920999E93888444E010061660B99E93888444E010061660B99E93888444E41C3CF6EE5B22700FD492A66A6E32012390549F36F6D6EF667270023451266A6E320123905F53C2F00AA49C5CC741C4422A7A09A851A807AC230331D0791C829A8AF5E3C2F00AA49C5CC741C4422A720F1773500419230331D0791C829484EFF9DCA86E7038C326198998E8348E41424A75735166A006A08C3CC741C4422A720B1560310240C33D37110899C82C45A0D409030CC4CC74124720A92AAAF41B35603504F1866A6E32012390549934FA059AB0128138699E93888444E010061660B99E93888444E010061660B99E93888444E010061660B99E93888444E010061660B99E93888444E010061660B99E93888444E010061660B99E93888444E010061660B99E93888444E010061660B99E93888444E010061660B99E93888444E010061660B99E93888444E010061660B99E93888444E010061660B99E93888647C7CBC582CE6BD170040FF52D564A6E3209242A1B0BEBE9EF75E0000FD4B5593998E83482627270F1E3C98F75E00007D6A636363E7CE9D79EFC5A052D54024535353ABABAB79EF0500D0A7D6D7D70B8542DE7B31A8543510C9DCDCDCE2E262DE7B0100F4A9959595E9E9E9BCF76250A96A2092B4A4490B9BBCF70200E8537B4BF2DE8B41A5AA8148D6D6D6262626F2DE0B00A04F4D4F4FAFACACE4BD17834A5503F1F8C20000A0A18D8D8D42A1E047203253D5403C0B0B0B7BF6ECC97B2F0080BE6392D021550DC4532C160B85C2C6C646DE3B0200F4113384CEA96A20AAD5D5D5A9A9A9BCF70200E823BE28B573AA1A886DEFDEBD96980180B2858585ABAFBE3AEFBD1878AA1AC8C1FCFCFCF4F4F4E6E666DE3B0200E4A6582CCECDCD2969BA425503F958595929140A7BF7EEF5215A0018359B9B9B0B0B0BE94CC007CFBA455503B949132DAD6AD2449B9E9E4E4FACAEAEE6BD4700400FA5AFF5FBF6ED9B9999495FFDF7ECD9E39DCD2E52D540CE8AC5E2CACA4A5AD54C4D4D8D0100C32B7DAD9F9F9F5F5E5EF629F4AEFBFF0120C8E7A6FA6DDB960000000049454E44AE426082, '0');

-- ----------------------------
-- Table structure for act_ge_property
-- ----------------------------
DROP TABLE IF EXISTS `act_ge_property`;
CREATE TABLE `act_ge_property` (
  `NAME_` varchar(64) COLLATE utf8_bin NOT NULL DEFAULT '',
  `VALUE_` varchar(300) COLLATE utf8_bin DEFAULT NULL,
  `REV_` int(11) DEFAULT NULL,
  PRIMARY KEY (`NAME_`)
) ENGINE=InnoDB DEFAULT CHARSET=utf8 COLLATE=utf8_bin;

-- ----------------------------
-- Records of act_ge_property
-- ----------------------------
INSERT INTO `act_ge_property` VALUES ('next.dbid', '40001', '17');
INSERT INTO `act_ge_property` VALUES ('schema.history', 'create(5.21.0.0)', '1');
INSERT INTO `act_ge_property` VALUES ('schema.version', '5.21.0.0', '1');

-- ----------------------------
-- Table structure for act_hi_actinst
-- ----------------------------
DROP TABLE IF EXISTS `act_hi_actinst`;
CREATE TABLE `act_hi_actinst` (
  `ID_` varchar(64) COLLATE utf8_bin NOT NULL,
  `PROC_DEF_ID_` varchar(64) COLLATE utf8_bin NOT NULL,
  `PROC_INST_ID_` varchar(64) COLLATE utf8_bin NOT NULL,
  `EXECUTION_ID_` varchar(64) COLLATE utf8_bin NOT NULL,
  `ACT_ID_` varchar(255) COLLATE utf8_bin NOT NULL,
  `TASK_ID_` varchar(64) COLLATE utf8_bin DEFAULT NULL,
  `CALL_PROC_INST_ID_` varchar(64) COLLATE utf8_bin DEFAULT NULL,
  `ACT_NAME_` varchar(255) COLLATE utf8_bin DEFAULT NULL,
  `ACT_TYPE_` varchar(255) COLLATE utf8_bin NOT NULL,
  `ASSIGNEE_` varchar(255) COLLATE utf8_bin DEFAULT NULL,
  `START_TIME_` datetime NOT NULL,
  `END_TIME_` datetime DEFAULT NULL,
  `DURATION_` bigint(20) DEFAULT NULL,
  `TENANT_ID_` varchar(255) COLLATE utf8_bin DEFAULT '',
  PRIMARY KEY (`ID_`),
  KEY `ACT_IDX_HI_ACT_INST_START` (`START_TIME_`),
  KEY `ACT_IDX_HI_ACT_INST_END` (`END_TIME_`),
  KEY `ACT_IDX_HI_ACT_INST_PROCINST` (`PROC_INST_ID_`,`ACT_ID_`),
  KEY `ACT_IDX_HI_ACT_INST_EXEC` (`EXECUTION_ID_`,`ACT_ID_`)
) ENGINE=InnoDB DEFAULT CHARSET=utf8 COLLATE=utf8_bin;

-- ----------------------------
-- Records of act_hi_actinst
-- ----------------------------
INSERT INTO `act_hi_actinst` VALUES ('10002', 'leaveProcess:1:4', '2501', '2501', 'exclusivegateway2', null, null, 'Exclusive Gateway', 'exclusiveGateway', null, '2020-02-26 12:17:21', '2020-02-26 12:17:21', '17', '');
INSERT INTO `act_hi_actinst` VALUES ('10003', 'leaveProcess:1:4', '2501', '2501', 'endevent1', null, null, 'End', 'endEvent', null, '2020-02-26 12:17:21', '2020-02-26 12:17:21', '0', '');
INSERT INTO `act_hi_actinst` VALUES ('12502', 'leaveProcess:1:4', '12501', '12501', 'startevent1', null, null, 'Start', 'startEvent', null, '2020-02-27 09:38:36', '2020-02-27 09:38:37', '105', '');
INSERT INTO `act_hi_actinst` VALUES ('12507', 'leaveProcess:1:4', '12501', '12501', 'employee', '12508', null, '发起申请', 'userTask', '张三', '2020-02-27 09:38:37', '2020-02-27 10:38:07', '3570296', '');
INSERT INTO `act_hi_actinst` VALUES ('15002', 'leaveProcess:1:4', '15001', '15001', 'startevent1', null, null, 'Start', 'startEvent', null, '2020-02-27 09:41:01', '2020-02-27 09:41:01', '17', '');
INSERT INTO `act_hi_actinst` VALUES ('15007', 'leaveProcess:1:4', '15001', '15001', 'employee', '15008', null, '发起申请', 'userTask', '张三', '2020-02-27 09:41:01', null, null, '');
INSERT INTO `act_hi_actinst` VALUES ('17501', 'leaveProcess:1:4', '12501', '12501', 'leaderCheck', '17502', null, '领导审批', 'userTask', '李四', '2020-02-27 10:38:07', '2020-02-27 10:51:30', '803580', '');
INSERT INTO `act_hi_actinst` VALUES ('20002', 'leaveProcess:1:4', '20001', '20001', 'startevent1', null, null, 'Start', 'startEvent', null, '2020-02-27 10:39:51', '2020-02-27 10:39:51', '24', '');
INSERT INTO `act_hi_actinst` VALUES ('20007', 'leaveProcess:1:4', '20001', '20001', 'employee', '20008', null, '发起申请', 'userTask', '李四', '2020-02-27 10:39:51', '2020-02-27 10:41:21', '90806', '');
INSERT INTO `act_hi_actinst` VALUES ('22501', 'leaveProcess:1:4', '20001', '20001', 'leaderCheck', '22502', null, '领导审批', 'userTask', '李四', '2020-02-27 10:41:21', '2020-02-27 10:41:51', '30198', '');
INSERT INTO `act_hi_actinst` VALUES ('25002', 'leaveProcess:1:4', '20001', '20001', 'exclusivegateway1', null, null, 'Exclusive Gateway', 'exclusiveGateway', null, '2020-02-27 10:41:51', '2020-02-27 10:41:51', '11', '');
INSERT INTO `act_hi_actinst` VALUES ('25003', 'leaveProcess:1:4', '20001', '20001', 'Jingli2Check', '25004', null, '经理2审批', 'userTask', '经理2', '2020-02-27 10:41:51', '2020-02-27 10:42:41', '50140', '');
INSERT INTO `act_hi_actinst` VALUES ('2502', 'leaveProcess:1:4', '2501', '2501', 'startevent1', null, null, 'Start', 'startEvent', null, '2020-02-26 12:10:23', '2020-02-26 12:10:23', '19', '');
INSERT INTO `act_hi_actinst` VALUES ('2507', 'leaveProcess:1:4', '2501', '2501', 'employee', '2508', null, '发起申请', 'userTask', '张三', '2020-02-26 12:10:23', '2020-02-26 12:10:36', '13564', '');
INSERT INTO `act_hi_actinst` VALUES ('27502', 'leaveProcess:1:4', '20001', '20001', 'exclusivegateway2', null, null, 'Exclusive Gateway', 'exclusiveGateway', null, '2020-02-27 10:42:41', '2020-02-27 10:42:41', '68', '');
INSERT INTO `act_hi_actinst` VALUES ('27503', 'leaveProcess:1:4', '20001', '20001', 'endevent1', null, null, 'End', 'endEvent', null, '2020-02-27 10:42:41', '2020-02-27 10:42:41', '0', '');
INSERT INTO `act_hi_actinst` VALUES ('30002', 'leaveProcess:1:4', '12501', '12501', 'exclusivegateway1', null, null, 'Exclusive Gateway', 'exclusiveGateway', null, '2020-02-27 10:51:30', '2020-02-27 10:51:30', '72', '');
INSERT INTO `act_hi_actinst` VALUES ('30003', 'leaveProcess:1:4', '12501', '12501', 'employee', '30004', null, '发起申请', 'userTask', '张三', '2020-02-27 10:51:30', '2020-02-27 10:59:36', '486484', '');
INSERT INTO `act_hi_actinst` VALUES ('32501', 'leaveProcess:1:4', '12501', '12501', 'leaderCheck', '32502', null, '领导审批', 'userTask', '李四', '2020-02-27 10:59:36', '2020-02-27 11:03:32', '236292', '');
INSERT INTO `act_hi_actinst` VALUES ('37502', 'leaveProcess:1:4', '12501', '12501', 'exclusivegateway1', null, null, 'Exclusive Gateway', 'exclusiveGateway', null, '2020-02-27 11:03:32', '2020-02-27 11:03:32', '14', '');
INSERT INTO `act_hi_actinst` VALUES ('37503', 'leaveProcess:1:4', '12501', '12501', 'employee', '37504', null, '发起申请', 'userTask', '张三', '2020-02-27 11:03:32', '2020-02-27 12:09:05', '3933587', '');
INSERT INTO `act_hi_actinst` VALUES ('5001', 'leaveProcess:1:4', '2501', '2501', 'leaderCheck', '5002', null, '领导审批', 'userTask', '李四', '2020-02-26 12:10:36', '2020-02-26 12:12:28', '112335', '');
INSERT INTO `act_hi_actinst` VALUES ('7502', 'leaveProcess:1:4', '2501', '2501', 'exclusivegateway1', null, null, 'Exclusive Gateway', 'exclusiveGateway', null, '2020-02-26 12:12:28', '2020-02-26 12:12:28', '69', '');
INSERT INTO `act_hi_actinst` VALUES ('7503', 'leaveProcess:1:4', '2501', '2501', 'Jingli2Check', '7504', null, '经理2审批', 'userTask', '经理2', '2020-02-26 12:12:28', '2020-02-26 12:17:21', '293868', '');

-- ----------------------------
-- Table structure for act_hi_attachment
-- ----------------------------
DROP TABLE IF EXISTS `act_hi_attachment`;
CREATE TABLE `act_hi_attachment` (
  `ID_` varchar(64) COLLATE utf8_bin NOT NULL,
  `REV_` int(11) DEFAULT NULL,
  `USER_ID_` varchar(255) COLLATE utf8_bin DEFAULT NULL,
  `NAME_` varchar(255) COLLATE utf8_bin DEFAULT NULL,
  `DESCRIPTION_` varchar(4000) COLLATE utf8_bin DEFAULT NULL,
  `TYPE_` varchar(255) COLLATE utf8_bin DEFAULT NULL,
  `TASK_ID_` varchar(64) COLLATE utf8_bin DEFAULT NULL,
  `PROC_INST_ID_` varchar(64) COLLATE utf8_bin DEFAULT NULL,
  `URL_` varchar(4000) COLLATE utf8_bin DEFAULT NULL,
  `CONTENT_ID_` varchar(64) COLLATE utf8_bin DEFAULT NULL,
  `TIME_` datetime DEFAULT NULL,
  PRIMARY KEY (`ID_`)
) ENGINE=InnoDB DEFAULT CHARSET=utf8 COLLATE=utf8_bin;

-- ----------------------------
-- Records of act_hi_attachment
-- ----------------------------

-- ----------------------------
-- Table structure for act_hi_comment
-- ----------------------------
DROP TABLE IF EXISTS `act_hi_comment`;
CREATE TABLE `act_hi_comment` (
  `ID_` varchar(64) COLLATE utf8_bin NOT NULL,
  `TYPE_` varchar(255) COLLATE utf8_bin DEFAULT NULL,
  `TIME_` datetime NOT NULL,
  `USER_ID_` varchar(255) COLLATE utf8_bin DEFAULT NULL,
  `TASK_ID_` varchar(64) COLLATE utf8_bin DEFAULT NULL,
  `PROC_INST_ID_` varchar(64) COLLATE utf8_bin DEFAULT NULL,
  `ACTION_` varchar(255) COLLATE utf8_bin DEFAULT NULL,
  `MESSAGE_` varchar(4000) COLLATE utf8_bin DEFAULT NULL,
  `FULL_MSG_` longblob,
  PRIMARY KEY (`ID_`)
) ENGINE=InnoDB DEFAULT CHARSET=utf8 COLLATE=utf8_bin;

-- ----------------------------
-- Records of act_hi_comment
-- ----------------------------

-- ----------------------------
-- Table structure for act_hi_detail
-- ----------------------------
DROP TABLE IF EXISTS `act_hi_detail`;
CREATE TABLE `act_hi_detail` (
  `ID_` varchar(64) COLLATE utf8_bin NOT NULL,
  `TYPE_` varchar(255) COLLATE utf8_bin NOT NULL,
  `PROC_INST_ID_` varchar(64) COLLATE utf8_bin DEFAULT NULL,
  `EXECUTION_ID_` varchar(64) COLLATE utf8_bin DEFAULT NULL,
  `TASK_ID_` varchar(64) COLLATE utf8_bin DEFAULT NULL,
  `ACT_INST_ID_` varchar(64) COLLATE utf8_bin DEFAULT NULL,
  `NAME_` varchar(255) COLLATE utf8_bin NOT NULL,
  `VAR_TYPE_` varchar(255) COLLATE utf8_bin DEFAULT NULL,
  `REV_` int(11) DEFAULT NULL,
  `TIME_` datetime NOT NULL,
  `BYTEARRAY_ID_` varchar(64) COLLATE utf8_bin DEFAULT NULL,
  `DOUBLE_` double DEFAULT NULL,
  `LONG_` bigint(20) DEFAULT NULL,
  `TEXT_` varchar(4000) COLLATE utf8_bin DEFAULT NULL,
  `TEXT2_` varchar(4000) COLLATE utf8_bin DEFAULT NULL,
  PRIMARY KEY (`ID_`),
  KEY `ACT_IDX_HI_DETAIL_PROC_INST` (`PROC_INST_ID_`),
  KEY `ACT_IDX_HI_DETAIL_ACT_INST` (`ACT_INST_ID_`),
  KEY `ACT_IDX_HI_DETAIL_TIME` (`TIME_`),
  KEY `ACT_IDX_HI_DETAIL_NAME` (`NAME_`),
  KEY `ACT_IDX_HI_DETAIL_TASK_ID` (`TASK_ID_`)
) ENGINE=InnoDB DEFAULT CHARSET=utf8 COLLATE=utf8_bin;

-- ----------------------------
-- Records of act_hi_detail
-- ----------------------------

-- ----------------------------
-- Table structure for act_hi_identitylink
-- ----------------------------
DROP TABLE IF EXISTS `act_hi_identitylink`;
CREATE TABLE `act_hi_identitylink` (
  `ID_` varchar(64) COLLATE utf8_bin NOT NULL DEFAULT '',
  `GROUP_ID_` varchar(255) COLLATE utf8_bin DEFAULT NULL,
  `TYPE_` varchar(255) COLLATE utf8_bin DEFAULT NULL,
  `USER_ID_` varchar(255) COLLATE utf8_bin DEFAULT NULL,
  `TASK_ID_` varchar(64) COLLATE utf8_bin DEFAULT NULL,
  `PROC_INST_ID_` varchar(64) COLLATE utf8_bin DEFAULT NULL,
  PRIMARY KEY (`ID_`),
  KEY `ACT_IDX_HI_IDENT_LNK_USER` (`USER_ID_`),
  KEY `ACT_IDX_HI_IDENT_LNK_TASK` (`TASK_ID_`),
  KEY `ACT_IDX_HI_IDENT_LNK_PROCINST` (`PROC_INST_ID_`)
) ENGINE=InnoDB DEFAULT CHARSET=utf8 COLLATE=utf8_bin;

-- ----------------------------
-- Records of act_hi_identitylink
-- ----------------------------
INSERT INTO `act_hi_identitylink` VALUES ('12509', null, 'participant', '张三', null, '12501');
INSERT INTO `act_hi_identitylink` VALUES ('15009', null, 'participant', '张三', null, '15001');
INSERT INTO `act_hi_identitylink` VALUES ('17503', null, 'participant', '李四', null, '12501');
INSERT INTO `act_hi_identitylink` VALUES ('20009', null, 'participant', '李四', null, '20001');
INSERT INTO `act_hi_identitylink` VALUES ('25005', null, 'participant', '经理2', null, '20001');
INSERT INTO `act_hi_identitylink` VALUES ('2509', null, 'participant', '张三', null, '2501');
INSERT INTO `act_hi_identitylink` VALUES ('5003', null, 'participant', '李四', null, '2501');
INSERT INTO `act_hi_identitylink` VALUES ('7505', null, 'participant', '经理2', null, '2501');

-- ----------------------------
-- Table structure for act_hi_procinst
-- ----------------------------
DROP TABLE IF EXISTS `act_hi_procinst`;
CREATE TABLE `act_hi_procinst` (
  `ID_` varchar(64) COLLATE utf8_bin NOT NULL,
  `PROC_INST_ID_` varchar(64) COLLATE utf8_bin NOT NULL,
  `BUSINESS_KEY_` varchar(255) COLLATE utf8_bin DEFAULT NULL,
  `PROC_DEF_ID_` varchar(64) COLLATE utf8_bin NOT NULL,
  `START_TIME_` datetime NOT NULL,
  `END_TIME_` datetime DEFAULT NULL,
  `DURATION_` bigint(20) DEFAULT NULL,
  `START_USER_ID_` varchar(255) COLLATE utf8_bin DEFAULT NULL,
  `START_ACT_ID_` varchar(255) COLLATE utf8_bin DEFAULT NULL,
  `END_ACT_ID_` varchar(255) COLLATE utf8_bin DEFAULT NULL,
  `SUPER_PROCESS_INSTANCE_ID_` varchar(64) COLLATE utf8_bin DEFAULT NULL,
  `DELETE_REASON_` varchar(4000) COLLATE utf8_bin DEFAULT NULL,
  `TENANT_ID_` varchar(255) COLLATE utf8_bin DEFAULT '',
  `NAME_` varchar(255) COLLATE utf8_bin DEFAULT NULL,
  PRIMARY KEY (`ID_`),
  UNIQUE KEY `PROC_INST_ID_` (`PROC_INST_ID_`),
  KEY `ACT_IDX_HI_PRO_INST_END` (`END_TIME_`),
  KEY `ACT_IDX_HI_PRO_I_BUSKEY` (`BUSINESS_KEY_`)
) ENGINE=InnoDB DEFAULT CHARSET=utf8 COLLATE=utf8_bin;

-- ----------------------------
-- Records of act_hi_procinst
-- ----------------------------
INSERT INTO `act_hi_procinst` VALUES ('12501', '12501', null, 'leaveProcess:1:4', '2020-02-27 09:38:36', '2020-02-27 12:09:05', '9029644', null, 'startevent1', null, null, '删除原因', '', null);
INSERT INTO `act_hi_procinst` VALUES ('15001', '15001', null, 'leaveProcess:1:4', '2020-02-27 09:41:01', null, null, null, 'startevent1', null, null, null, '', null);
INSERT INTO `act_hi_procinst` VALUES ('20001', '20001', null, 'leaveProcess:1:4', '2020-02-27 10:39:51', '2020-02-27 10:42:41', '170222', null, 'startevent1', 'endevent1', null, null, '', null);
INSERT INTO `act_hi_procinst` VALUES ('2501', '2501', null, 'leaveProcess:1:4', '2020-02-26 12:10:23', '2020-02-26 12:17:21', '418889', null, 'startevent1', 'endevent1', null, null, '', null);

-- ----------------------------
-- Table structure for act_hi_taskinst
-- ----------------------------
DROP TABLE IF EXISTS `act_hi_taskinst`;
CREATE TABLE `act_hi_taskinst` (
  `ID_` varchar(64) COLLATE utf8_bin NOT NULL,
  `PROC_DEF_ID_` varchar(64) COLLATE utf8_bin DEFAULT NULL,
  `TASK_DEF_KEY_` varchar(255) COLLATE utf8_bin DEFAULT NULL,
  `PROC_INST_ID_` varchar(64) COLLATE utf8_bin DEFAULT NULL,
  `EXECUTION_ID_` varchar(64) COLLATE utf8_bin DEFAULT NULL,
  `NAME_` varchar(255) COLLATE utf8_bin DEFAULT NULL,
  `PARENT_TASK_ID_` varchar(64) COLLATE utf8_bin DEFAULT NULL,
  `DESCRIPTION_` varchar(4000) COLLATE utf8_bin DEFAULT NULL,
  `OWNER_` varchar(255) COLLATE utf8_bin DEFAULT NULL,
  `ASSIGNEE_` varchar(255) COLLATE utf8_bin DEFAULT NULL,
  `START_TIME_` datetime NOT NULL,
  `CLAIM_TIME_` datetime DEFAULT NULL,
  `END_TIME_` datetime DEFAULT NULL,
  `DURATION_` bigint(20) DEFAULT NULL,
  `DELETE_REASON_` varchar(4000) COLLATE utf8_bin DEFAULT NULL,
  `PRIORITY_` int(11) DEFAULT NULL,
  `DUE_DATE_` datetime DEFAULT NULL,
  `FORM_KEY_` varchar(255) COLLATE utf8_bin DEFAULT NULL,
  `CATEGORY_` varchar(255) COLLATE utf8_bin DEFAULT NULL,
  `TENANT_ID_` varchar(255) COLLATE utf8_bin DEFAULT '',
  PRIMARY KEY (`ID_`),
  KEY `ACT_IDX_HI_TASK_INST_PROCINST` (`PROC_INST_ID_`)
) ENGINE=InnoDB DEFAULT CHARSET=utf8 COLLATE=utf8_bin;

-- ----------------------------
-- Records of act_hi_taskinst
-- ----------------------------
INSERT INTO `act_hi_taskinst` VALUES ('12508', 'leaveProcess:1:4', 'employee', '12501', '12501', '发起申请', null, '申请人发起申请', null, '张三', '2020-02-27 09:38:37', null, '2020-02-27 10:38:07', '3570269', 'completed', '50', null, null, null, '');
INSERT INTO `act_hi_taskinst` VALUES ('15008', 'leaveProcess:1:4', 'employee', '15001', '15001', '发起申请', null, '申请人发起申请', null, '张三', '2020-02-27 09:41:01', null, null, null, null, '50', null, null, null, '');
INSERT INTO `act_hi_taskinst` VALUES ('17502', 'leaveProcess:1:4', 'leaderCheck', '12501', '12501', '领导审批', null, null, null, '李四', '2020-02-27 10:38:07', null, '2020-02-27 10:51:30', '803416', 'completed', '50', null, null, null, '');
INSERT INTO `act_hi_taskinst` VALUES ('20008', 'leaveProcess:1:4', 'employee', '20001', '20001', '发起申请', null, '申请人发起申请', null, '李四', '2020-02-27 10:39:51', null, '2020-02-27 10:41:21', '90640', 'completed', '50', null, null, null, '');
INSERT INTO `act_hi_taskinst` VALUES ('22502', 'leaveProcess:1:4', 'leaderCheck', '20001', '20001', '领导审批', null, null, null, '李四', '2020-02-27 10:41:21', null, '2020-02-27 10:41:51', '30168', 'completed', '50', null, null, null, '');
INSERT INTO `act_hi_taskinst` VALUES ('25004', 'leaveProcess:1:4', 'Jingli2Check', '20001', '20001', '经理2审批', null, null, null, '经理2', '2020-02-27 10:41:51', null, '2020-02-27 10:42:40', '49978', 'completed', '50', null, null, null, '');
INSERT INTO `act_hi_taskinst` VALUES ('2508', 'leaveProcess:1:4', 'employee', '2501', '2501', '发起申请', null, '申请人发起申请', null, '张三', '2020-02-26 12:10:23', null, '2020-02-26 12:10:36', '13536', 'completed', '50', null, null, null, '');
INSERT INTO `act_hi_taskinst` VALUES ('30004', 'leaveProcess:1:4', 'employee', '12501', '12501', '发起申请', null, '申请人发起申请', null, '张三', '2020-02-27 10:51:30', null, '2020-02-27 10:59:36', '486306', 'completed', '50', null, null, null, '');
INSERT INTO `act_hi_taskinst` VALUES ('32502', 'leaveProcess:1:4', 'leaderCheck', '12501', '12501', '领导审批', null, null, null, '李四', '2020-02-27 10:59:36', null, '2020-02-27 11:03:32', '236269', 'completed', '50', null, null, null, '');
INSERT INTO `act_hi_taskinst` VALUES ('37504', 'leaveProcess:1:4', 'employee', '12501', '12501', '发起申请', null, '申请人发起申请', null, '张三', '2020-02-27 11:03:32', null, '2020-02-27 12:09:05', '3933365', '删除原因', '50', null, null, null, '');
INSERT INTO `act_hi_taskinst` VALUES ('5002', 'leaveProcess:1:4', 'leaderCheck', '2501', '2501', '领导审批', null, null, null, '李四', '2020-02-26 12:10:36', null, '2020-02-26 12:12:28', '112179', 'completed', '50', null, null, null, '');
INSERT INTO `act_hi_taskinst` VALUES ('7504', 'leaveProcess:1:4', 'Jingli2Check', '2501', '2501', '经理2审批', null, null, null, '经理2', '2020-02-26 12:12:28', null, '2020-02-26 12:17:21', '293840', 'completed', '50', null, null, null, '');

-- ----------------------------
-- Table structure for act_hi_varinst
-- ----------------------------
DROP TABLE IF EXISTS `act_hi_varinst`;
CREATE TABLE `act_hi_varinst` (
  `ID_` varchar(64) COLLATE utf8_bin NOT NULL,
  `PROC_INST_ID_` varchar(64) COLLATE utf8_bin DEFAULT NULL,
  `EXECUTION_ID_` varchar(64) COLLATE utf8_bin DEFAULT NULL,
  `TASK_ID_` varchar(64) COLLATE utf8_bin DEFAULT NULL,
  `NAME_` varchar(255) COLLATE utf8_bin NOT NULL,
  `VAR_TYPE_` varchar(100) COLLATE utf8_bin DEFAULT NULL,
  `REV_` int(11) DEFAULT NULL,
  `BYTEARRAY_ID_` varchar(64) COLLATE utf8_bin DEFAULT NULL,
  `DOUBLE_` double DEFAULT NULL,
  `LONG_` bigint(20) DEFAULT NULL,
  `TEXT_` varchar(4000) COLLATE utf8_bin DEFAULT NULL,
  `TEXT2_` varchar(4000) COLLATE utf8_bin DEFAULT NULL,
  `CREATE_TIME_` datetime DEFAULT NULL,
  `LAST_UPDATED_TIME_` datetime DEFAULT NULL,
  PRIMARY KEY (`ID_`),
  KEY `ACT_IDX_HI_PROCVAR_PROC_INST` (`PROC_INST_ID_`),
  KEY `ACT_IDX_HI_PROCVAR_NAME_TYPE` (`NAME_`,`VAR_TYPE_`),
  KEY `ACT_IDX_HI_PROCVAR_TASK_ID` (`TASK_ID_`)
) ENGINE=InnoDB DEFAULT CHARSET=utf8 COLLATE=utf8_bin;

-- ----------------------------
-- Records of act_hi_varinst
-- ----------------------------
INSERT INTO `act_hi_varinst` VALUES ('10001', '2501', '2501', null, 'result', 'integer', '0', null, null, '1', '1', null, '2020-02-26 12:17:21', '2020-02-26 12:17:21');
INSERT INTO `act_hi_varinst` VALUES ('12503', '12501', '12501', null, 'employeeName', 'string', '1', null, null, null, '张三', null, '2020-02-27 09:38:36', '2020-02-27 12:09:05');
INSERT INTO `act_hi_varinst` VALUES ('12504', '12501', '12501', null, 'reason', 'string', '1', null, null, null, '回家看亲戚', null, '2020-02-27 09:38:36', '2020-02-27 12:09:05');
INSERT INTO `act_hi_varinst` VALUES ('12505', '12501', '12501', null, 'leadName', 'string', '1', null, null, null, '李四', null, '2020-02-27 09:38:36', '2020-02-27 12:09:05');
INSERT INTO `act_hi_varinst` VALUES ('12506', '12501', '12501', null, 'day', 'integer', '1', null, null, '10', '10', null, '2020-02-27 09:38:36', '2020-02-27 12:09:05');
INSERT INTO `act_hi_varinst` VALUES ('15003', '15001', '15001', null, 'employeeName', 'string', '0', null, null, null, '张三', null, '2020-02-27 09:41:01', '2020-02-27 09:41:01');
INSERT INTO `act_hi_varinst` VALUES ('15004', '15001', '15001', null, 'reason', 'string', '0', null, null, null, '回家看亲戚', null, '2020-02-27 09:41:01', '2020-02-27 09:41:01');
INSERT INTO `act_hi_varinst` VALUES ('15005', '15001', '15001', null, 'leadName', 'string', '0', null, null, null, '李四', null, '2020-02-27 09:41:01', '2020-02-27 09:41:01');
INSERT INTO `act_hi_varinst` VALUES ('15006', '15001', '15001', null, 'day', 'integer', '0', null, null, '10', '10', null, '2020-02-27 09:41:01', '2020-02-27 09:41:01');
INSERT INTO `act_hi_varinst` VALUES ('20003', '20001', '20001', null, 'employeeName', 'string', '1', null, null, null, '李四', null, '2020-02-27 10:39:51', '2020-02-27 10:42:41');
INSERT INTO `act_hi_varinst` VALUES ('20004', '20001', '20001', null, 'reason', 'string', '1', null, null, null, '回家看亲戚', null, '2020-02-27 10:39:51', '2020-02-27 10:42:41');
INSERT INTO `act_hi_varinst` VALUES ('20005', '20001', '20001', null, 'leadName', 'string', '1', null, null, null, '李四', null, '2020-02-27 10:39:51', '2020-02-27 10:42:41');
INSERT INTO `act_hi_varinst` VALUES ('20006', '20001', '20001', null, 'day', 'integer', '1', null, null, '10', '10', null, '2020-02-27 10:39:51', '2020-02-27 10:42:41');
INSERT INTO `act_hi_varinst` VALUES ('25001', '20001', '20001', null, 'leaderResult', 'integer', '1', null, null, '1', '1', null, '2020-02-27 10:41:51', '2020-02-27 10:42:41');
INSERT INTO `act_hi_varinst` VALUES ('2503', '2501', '2501', null, 'employeeName', 'string', '1', null, null, null, '张三', null, '2020-02-26 12:10:23', '2020-02-26 12:17:21');
INSERT INTO `act_hi_varinst` VALUES ('2504', '2501', '2501', null, 'reason', 'string', '1', null, null, null, '回家看亲戚', null, '2020-02-26 12:10:23', '2020-02-26 12:17:21');
INSERT INTO `act_hi_varinst` VALUES ('2505', '2501', '2501', null, 'leadName', 'string', '1', null, null, null, '李四', null, '2020-02-26 12:10:23', '2020-02-26 12:17:21');
INSERT INTO `act_hi_varinst` VALUES ('2506', '2501', '2501', null, 'day', 'integer', '1', null, null, '10', '10', null, '2020-02-26 12:10:23', '2020-02-26 12:17:21');
INSERT INTO `act_hi_varinst` VALUES ('27501', '20001', '20001', null, 'result', 'integer', '0', null, null, '1', '1', null, '2020-02-27 10:42:34', '2020-02-27 10:42:41');
INSERT INTO `act_hi_varinst` VALUES ('30001', '12501', '12501', null, 'leaderResult', 'integer', '2', null, null, '0', '0', null, '2020-02-27 10:51:23', '2020-02-27 12:09:05');
INSERT INTO `act_hi_varinst` VALUES ('37501', '12501', '12501', null, 'leaveStatus', 'integer', '1', null, null, '0', '0', null, '2020-02-27 11:03:32', '2020-02-27 12:09:05');
INSERT INTO `act_hi_varinst` VALUES ('7501', '2501', '2501', null, 'leaderResult', 'integer', '1', null, null, '1', '1', null, '2020-02-26 12:12:21', '2020-02-26 12:17:21');

-- ----------------------------
-- Table structure for act_id_group
-- ----------------------------
DROP TABLE IF EXISTS `act_id_group`;
CREATE TABLE `act_id_group` (
  `ID_` varchar(64) COLLATE utf8_bin NOT NULL DEFAULT '',
  `REV_` int(11) DEFAULT NULL,
  `NAME_` varchar(255) COLLATE utf8_bin DEFAULT NULL,
  `TYPE_` varchar(255) COLLATE utf8_bin DEFAULT NULL,
  PRIMARY KEY (`ID_`)
) ENGINE=InnoDB DEFAULT CHARSET=utf8 COLLATE=utf8_bin;

-- ----------------------------
-- Records of act_id_group
-- ----------------------------

-- ----------------------------
-- Table structure for act_id_info
-- ----------------------------
DROP TABLE IF EXISTS `act_id_info`;
CREATE TABLE `act_id_info` (
  `ID_` varchar(64) COLLATE utf8_bin NOT NULL DEFAULT '',
  `REV_` int(11) DEFAULT NULL,
  `USER_ID_` varchar(64) COLLATE utf8_bin DEFAULT NULL,
  `TYPE_` varchar(64) COLLATE utf8_bin DEFAULT NULL,
  `KEY_` varchar(255) COLLATE utf8_bin DEFAULT NULL,
  `VALUE_` varchar(255) COLLATE utf8_bin DEFAULT NULL,
  `PASSWORD_` longblob,
  `PARENT_ID_` varchar(255) COLLATE utf8_bin DEFAULT NULL,
  PRIMARY KEY (`ID_`)
) ENGINE=InnoDB DEFAULT CHARSET=utf8 COLLATE=utf8_bin;

-- ----------------------------
-- Records of act_id_info
-- ----------------------------

-- ----------------------------
-- Table structure for act_id_membership
-- ----------------------------
DROP TABLE IF EXISTS `act_id_membership`;
CREATE TABLE `act_id_membership` (
  `USER_ID_` varchar(64) COLLATE utf8_bin NOT NULL DEFAULT '',
  `GROUP_ID_` varchar(64) COLLATE utf8_bin NOT NULL DEFAULT '',
  PRIMARY KEY (`USER_ID_`,`GROUP_ID_`),
  KEY `ACT_FK_MEMB_GROUP` (`GROUP_ID_`),
  CONSTRAINT `ACT_FK_MEMB_GROUP` FOREIGN KEY (`GROUP_ID_`) REFERENCES `act_id_group` (`ID_`),
  CONSTRAINT `ACT_FK_MEMB_USER` FOREIGN KEY (`USER_ID_`) REFERENCES `act_id_user` (`ID_`)
) ENGINE=InnoDB DEFAULT CHARSET=utf8 COLLATE=utf8_bin;

-- ----------------------------
-- Records of act_id_membership
-- ----------------------------

-- ----------------------------
-- Table structure for act_id_user
-- ----------------------------
DROP TABLE IF EXISTS `act_id_user`;
CREATE TABLE `act_id_user` (
  `ID_` varchar(64) COLLATE utf8_bin NOT NULL DEFAULT '',
  `REV_` int(11) DEFAULT NULL,
  `FIRST_` varchar(255) COLLATE utf8_bin DEFAULT NULL,
  `LAST_` varchar(255) COLLATE utf8_bin DEFAULT NULL,
  `EMAIL_` varchar(255) COLLATE utf8_bin DEFAULT NULL,
  `PWD_` varchar(255) COLLATE utf8_bin DEFAULT NULL,
  `PICTURE_ID_` varchar(64) COLLATE utf8_bin DEFAULT NULL,
  PRIMARY KEY (`ID_`)
) ENGINE=InnoDB DEFAULT CHARSET=utf8 COLLATE=utf8_bin;

-- ----------------------------
-- Records of act_id_user
-- ----------------------------

-- ----------------------------
-- Table structure for act_procdef_info
-- ----------------------------
DROP TABLE IF EXISTS `act_procdef_info`;
CREATE TABLE `act_procdef_info` (
  `ID_` varchar(64) COLLATE utf8_bin NOT NULL,
  `PROC_DEF_ID_` varchar(64) COLLATE utf8_bin NOT NULL,
  `REV_` int(11) DEFAULT NULL,
  `INFO_JSON_ID_` varchar(64) COLLATE utf8_bin DEFAULT NULL,
  PRIMARY KEY (`ID_`),
  UNIQUE KEY `ACT_UNIQ_INFO_PROCDEF` (`PROC_DEF_ID_`),
  KEY `ACT_IDX_INFO_PROCDEF` (`PROC_DEF_ID_`),
  KEY `ACT_FK_INFO_JSON_BA` (`INFO_JSON_ID_`),
  CONSTRAINT `ACT_FK_INFO_JSON_BA` FOREIGN KEY (`INFO_JSON_ID_`) REFERENCES `act_ge_bytearray` (`ID_`),
  CONSTRAINT `ACT_FK_INFO_PROCDEF` FOREIGN KEY (`PROC_DEF_ID_`) REFERENCES `act_re_procdef` (`ID_`)
) ENGINE=InnoDB DEFAULT CHARSET=utf8 COLLATE=utf8_bin;

-- ----------------------------
-- Records of act_procdef_info
-- ----------------------------

-- ----------------------------
-- Table structure for act_re_deployment
-- ----------------------------
DROP TABLE IF EXISTS `act_re_deployment`;
CREATE TABLE `act_re_deployment` (
  `ID_` varchar(64) COLLATE utf8_bin NOT NULL DEFAULT '',
  `NAME_` varchar(255) COLLATE utf8_bin DEFAULT NULL,
  `CATEGORY_` varchar(255) COLLATE utf8_bin DEFAULT NULL,
  `TENANT_ID_` varchar(255) COLLATE utf8_bin DEFAULT '',
  `DEPLOY_TIME_` timestamp NULL DEFAULT NULL,
  PRIMARY KEY (`ID_`)
) ENGINE=InnoDB DEFAULT CHARSET=utf8 COLLATE=utf8_bin;

-- ----------------------------
-- Records of act_re_deployment
-- ----------------------------
INSERT INTO `act_re_deployment` VALUES ('1', '肯定是最终版004---', null, '', '2020-02-26 12:09:23');

-- ----------------------------
-- Table structure for act_re_model
-- ----------------------------
DROP TABLE IF EXISTS `act_re_model`;
CREATE TABLE `act_re_model` (
  `ID_` varchar(64) COLLATE utf8_bin NOT NULL,
  `REV_` int(11) DEFAULT NULL,
  `NAME_` varchar(255) COLLATE utf8_bin DEFAULT NULL,
  `KEY_` varchar(255) COLLATE utf8_bin DEFAULT NULL,
  `CATEGORY_` varchar(255) COLLATE utf8_bin DEFAULT NULL,
  `CREATE_TIME_` timestamp NULL DEFAULT NULL,
  `LAST_UPDATE_TIME_` timestamp NULL DEFAULT NULL,
  `VERSION_` int(11) DEFAULT NULL,
  `META_INFO_` varchar(4000) COLLATE utf8_bin DEFAULT NULL,
  `DEPLOYMENT_ID_` varchar(64) COLLATE utf8_bin DEFAULT NULL,
  `EDITOR_SOURCE_VALUE_ID_` varchar(64) COLLATE utf8_bin DEFAULT NULL,
  `EDITOR_SOURCE_EXTRA_VALUE_ID_` varchar(64) COLLATE utf8_bin DEFAULT NULL,
  `TENANT_ID_` varchar(255) COLLATE utf8_bin DEFAULT '',
  PRIMARY KEY (`ID_`),
  KEY `ACT_FK_MODEL_SOURCE` (`EDITOR_SOURCE_VALUE_ID_`),
  KEY `ACT_FK_MODEL_SOURCE_EXTRA` (`EDITOR_SOURCE_EXTRA_VALUE_ID_`),
  KEY `ACT_FK_MODEL_DEPLOYMENT` (`DEPLOYMENT_ID_`),
  CONSTRAINT `ACT_FK_MODEL_DEPLOYMENT` FOREIGN KEY (`DEPLOYMENT_ID_`) REFERENCES `act_re_deployment` (`ID_`),
  CONSTRAINT `ACT_FK_MODEL_SOURCE` FOREIGN KEY (`EDITOR_SOURCE_VALUE_ID_`) REFERENCES `act_ge_bytearray` (`ID_`),
  CONSTRAINT `ACT_FK_MODEL_SOURCE_EXTRA` FOREIGN KEY (`EDITOR_SOURCE_EXTRA_VALUE_ID_`) REFERENCES `act_ge_bytearray` (`ID_`)
) ENGINE=InnoDB DEFAULT CHARSET=utf8 COLLATE=utf8_bin;

-- ----------------------------
-- Records of act_re_model
-- ----------------------------

-- ----------------------------
-- Table structure for act_re_procdef
-- ----------------------------
DROP TABLE IF EXISTS `act_re_procdef`;
CREATE TABLE `act_re_procdef` (
  `ID_` varchar(64) COLLATE utf8_bin NOT NULL,
  `REV_` int(11) DEFAULT NULL,
  `CATEGORY_` varchar(255) COLLATE utf8_bin DEFAULT NULL,
  `NAME_` varchar(255) COLLATE utf8_bin DEFAULT NULL,
  `KEY_` varchar(255) COLLATE utf8_bin NOT NULL,
  `VERSION_` int(11) NOT NULL,
  `DEPLOYMENT_ID_` varchar(64) COLLATE utf8_bin DEFAULT NULL,
  `RESOURCE_NAME_` varchar(4000) COLLATE utf8_bin DEFAULT NULL,
  `DGRM_RESOURCE_NAME_` varchar(4000) COLLATE utf8_bin DEFAULT NULL,
  `DESCRIPTION_` varchar(4000) COLLATE utf8_bin DEFAULT NULL,
  `HAS_START_FORM_KEY_` tinyint(4) DEFAULT NULL,
  `HAS_GRAPHICAL_NOTATION_` tinyint(4) DEFAULT NULL,
  `SUSPENSION_STATE_` int(11) DEFAULT NULL,
  `TENANT_ID_` varchar(255) COLLATE utf8_bin DEFAULT '',
  PRIMARY KEY (`ID_`),
  UNIQUE KEY `ACT_UNIQ_PROCDEF` (`KEY_`,`VERSION_`,`TENANT_ID_`)
) ENGINE=InnoDB DEFAULT CHARSET=utf8 COLLATE=utf8_bin;

-- ----------------------------
-- Records of act_re_procdef
-- ----------------------------
INSERT INTO `act_re_procdef` VALUES ('leaveProcess:1:4', '1', 'http://www.activiti.org/test', 'LeaveProcess', 'leaveProcess', '1', '1', 'diagrams/LeaveProcess.bpmn', 'diagrams/LeaveProcess.png', null, '0', '1', '1', '');

-- ----------------------------
-- Table structure for act_ru_event_subscr
-- ----------------------------
DROP TABLE IF EXISTS `act_ru_event_subscr`;
CREATE TABLE `act_ru_event_subscr` (
  `ID_` varchar(64) COLLATE utf8_bin NOT NULL,
  `REV_` int(11) DEFAULT NULL,
  `EVENT_TYPE_` varchar(255) COLLATE utf8_bin NOT NULL,
  `EVENT_NAME_` varchar(255) COLLATE utf8_bin DEFAULT NULL,
  `EXECUTION_ID_` varchar(64) COLLATE utf8_bin DEFAULT NULL,
  `PROC_INST_ID_` varchar(64) COLLATE utf8_bin DEFAULT NULL,
  `ACTIVITY_ID_` varchar(64) COLLATE utf8_bin DEFAULT NULL,
  `CONFIGURATION_` varchar(255) COLLATE utf8_bin DEFAULT NULL,
  `CREATED_` timestamp NOT NULL DEFAULT CURRENT_TIMESTAMP,
  `PROC_DEF_ID_` varchar(64) COLLATE utf8_bin DEFAULT NULL,
  `TENANT_ID_` varchar(255) COLLATE utf8_bin DEFAULT '',
  PRIMARY KEY (`ID_`),
  KEY `ACT_IDX_EVENT_SUBSCR_CONFIG_` (`CONFIGURATION_`),
  KEY `ACT_FK_EVENT_EXEC` (`EXECUTION_ID_`),
  CONSTRAINT `ACT_FK_EVENT_EXEC` FOREIGN KEY (`EXECUTION_ID_`) REFERENCES `act_ru_execution` (`ID_`)
) ENGINE=InnoDB DEFAULT CHARSET=utf8 COLLATE=utf8_bin;

-- ----------------------------
-- Records of act_ru_event_subscr
-- ----------------------------

-- ----------------------------
-- Table structure for act_ru_execution
-- ----------------------------
DROP TABLE IF EXISTS `act_ru_execution`;
CREATE TABLE `act_ru_execution` (
  `ID_` varchar(64) COLLATE utf8_bin NOT NULL DEFAULT '',
  `REV_` int(11) DEFAULT NULL,
  `PROC_INST_ID_` varchar(64) COLLATE utf8_bin DEFAULT NULL,
  `BUSINESS_KEY_` varchar(255) COLLATE utf8_bin DEFAULT NULL,
  `PARENT_ID_` varchar(64) COLLATE utf8_bin DEFAULT NULL,
  `PROC_DEF_ID_` varchar(64) COLLATE utf8_bin DEFAULT NULL,
  `SUPER_EXEC_` varchar(64) COLLATE utf8_bin DEFAULT NULL,
  `ACT_ID_` varchar(255) COLLATE utf8_bin DEFAULT NULL,
  `IS_ACTIVE_` tinyint(4) DEFAULT NULL,
  `IS_CONCURRENT_` tinyint(4) DEFAULT NULL,
  `IS_SCOPE_` tinyint(4) DEFAULT NULL,
  `IS_EVENT_SCOPE_` tinyint(4) DEFAULT NULL,
  `SUSPENSION_STATE_` int(11) DEFAULT NULL,
  `CACHED_ENT_STATE_` int(11) DEFAULT NULL,
  `TENANT_ID_` varchar(255) COLLATE utf8_bin DEFAULT '',
  `NAME_` varchar(255) COLLATE utf8_bin DEFAULT NULL,
  `LOCK_TIME_` timestamp NULL DEFAULT NULL,
  PRIMARY KEY (`ID_`),
  KEY `ACT_IDX_EXEC_BUSKEY` (`BUSINESS_KEY_`),
  KEY `ACT_FK_EXE_PROCINST` (`PROC_INST_ID_`),
  KEY `ACT_FK_EXE_PARENT` (`PARENT_ID_`),
  KEY `ACT_FK_EXE_SUPER` (`SUPER_EXEC_`),
  KEY `ACT_FK_EXE_PROCDEF` (`PROC_DEF_ID_`),
  CONSTRAINT `ACT_FK_EXE_PARENT` FOREIGN KEY (`PARENT_ID_`) REFERENCES `act_ru_execution` (`ID_`),
  CONSTRAINT `ACT_FK_EXE_PROCDEF` FOREIGN KEY (`PROC_DEF_ID_`) REFERENCES `act_re_procdef` (`ID_`),
  CONSTRAINT `ACT_FK_EXE_PROCINST` FOREIGN KEY (`PROC_INST_ID_`) REFERENCES `act_ru_execution` (`ID_`) ON DELETE CASCADE ON UPDATE CASCADE,
  CONSTRAINT `ACT_FK_EXE_SUPER` FOREIGN KEY (`SUPER_EXEC_`) REFERENCES `act_ru_execution` (`ID_`)
) ENGINE=InnoDB DEFAULT CHARSET=utf8 COLLATE=utf8_bin;

-- ----------------------------
-- Records of act_ru_execution
-- ----------------------------
INSERT INTO `act_ru_execution` VALUES ('15001', '1', '15001', null, null, 'leaveProcess:1:4', null, 'employee', '1', '0', '1', '0', '1', '2', '', null, null);

-- ----------------------------
-- Table structure for act_ru_identitylink
-- ----------------------------
DROP TABLE IF EXISTS `act_ru_identitylink`;
CREATE TABLE `act_ru_identitylink` (
  `ID_` varchar(64) COLLATE utf8_bin NOT NULL DEFAULT '',
  `REV_` int(11) DEFAULT NULL,
  `GROUP_ID_` varchar(255) COLLATE utf8_bin DEFAULT NULL,
  `TYPE_` varchar(255) COLLATE utf8_bin DEFAULT NULL,
  `USER_ID_` varchar(255) COLLATE utf8_bin DEFAULT NULL,
  `TASK_ID_` varchar(64) COLLATE utf8_bin DEFAULT NULL,
  `PROC_INST_ID_` varchar(64) COLLATE utf8_bin DEFAULT NULL,
  `PROC_DEF_ID_` varchar(64) COLLATE utf8_bin DEFAULT NULL,
  PRIMARY KEY (`ID_`),
  KEY `ACT_IDX_IDENT_LNK_USER` (`USER_ID_`),
  KEY `ACT_IDX_IDENT_LNK_GROUP` (`GROUP_ID_`),
  KEY `ACT_IDX_ATHRZ_PROCEDEF` (`PROC_DEF_ID_`),
  KEY `ACT_FK_TSKASS_TASK` (`TASK_ID_`),
  KEY `ACT_FK_IDL_PROCINST` (`PROC_INST_ID_`),
  CONSTRAINT `ACT_FK_ATHRZ_PROCEDEF` FOREIGN KEY (`PROC_DEF_ID_`) REFERENCES `act_re_procdef` (`ID_`),
  CONSTRAINT `ACT_FK_IDL_PROCINST` FOREIGN KEY (`PROC_INST_ID_`) REFERENCES `act_ru_execution` (`ID_`),
  CONSTRAINT `ACT_FK_TSKASS_TASK` FOREIGN KEY (`TASK_ID_`) REFERENCES `act_ru_task` (`ID_`)
) ENGINE=InnoDB DEFAULT CHARSET=utf8 COLLATE=utf8_bin;

-- ----------------------------
-- Records of act_ru_identitylink
-- ----------------------------
INSERT INTO `act_ru_identitylink` VALUES ('15009', '1', null, 'participant', '张三', null, '15001', null);

-- ----------------------------
-- Table structure for act_ru_job
-- ----------------------------
DROP TABLE IF EXISTS `act_ru_job`;
CREATE TABLE `act_ru_job` (
  `ID_` varchar(64) COLLATE utf8_bin NOT NULL,
  `REV_` int(11) DEFAULT NULL,
  `TYPE_` varchar(255) COLLATE utf8_bin NOT NULL,
  `LOCK_EXP_TIME_` timestamp NULL DEFAULT NULL,
  `LOCK_OWNER_` varchar(255) COLLATE utf8_bin DEFAULT NULL,
  `EXCLUSIVE_` tinyint(1) DEFAULT NULL,
  `EXECUTION_ID_` varchar(64) COLLATE utf8_bin DEFAULT NULL,
  `PROCESS_INSTANCE_ID_` varchar(64) COLLATE utf8_bin DEFAULT NULL,
  `PROC_DEF_ID_` varchar(64) COLLATE utf8_bin DEFAULT NULL,
  `RETRIES_` int(11) DEFAULT NULL,
  `EXCEPTION_STACK_ID_` varchar(64) COLLATE utf8_bin DEFAULT NULL,
  `EXCEPTION_MSG_` varchar(4000) COLLATE utf8_bin DEFAULT NULL,
  `DUEDATE_` timestamp NULL DEFAULT NULL,
  `REPEAT_` varchar(255) COLLATE utf8_bin DEFAULT NULL,
  `HANDLER_TYPE_` varchar(255) COLLATE utf8_bin DEFAULT NULL,
  `HANDLER_CFG_` varchar(4000) COLLATE utf8_bin DEFAULT NULL,
  `TENANT_ID_` varchar(255) COLLATE utf8_bin DEFAULT '',
  PRIMARY KEY (`ID_`),
  KEY `ACT_FK_JOB_EXCEPTION` (`EXCEPTION_STACK_ID_`),
  CONSTRAINT `ACT_FK_JOB_EXCEPTION` FOREIGN KEY (`EXCEPTION_STACK_ID_`) REFERENCES `act_ge_bytearray` (`ID_`)
) ENGINE=InnoDB DEFAULT CHARSET=utf8 COLLATE=utf8_bin;

-- ----------------------------
-- Records of act_ru_job
-- ----------------------------

-- ----------------------------
-- Table structure for act_ru_task
-- ----------------------------
DROP TABLE IF EXISTS `act_ru_task`;
CREATE TABLE `act_ru_task` (
  `ID_` varchar(64) COLLATE utf8_bin NOT NULL DEFAULT '',
  `REV_` int(11) DEFAULT NULL,
  `EXECUTION_ID_` varchar(64) COLLATE utf8_bin DEFAULT NULL,
  `PROC_INST_ID_` varchar(64) COLLATE utf8_bin DEFAULT NULL,
  `PROC_DEF_ID_` varchar(64) COLLATE utf8_bin DEFAULT NULL,
  `NAME_` varchar(255) COLLATE utf8_bin DEFAULT NULL,
  `PARENT_TASK_ID_` varchar(64) COLLATE utf8_bin DEFAULT NULL,
  `DESCRIPTION_` varchar(4000) COLLATE utf8_bin DEFAULT NULL,
  `TASK_DEF_KEY_` varchar(255) COLLATE utf8_bin DEFAULT NULL,
  `OWNER_` varchar(255) COLLATE utf8_bin DEFAULT NULL,
  `ASSIGNEE_` varchar(255) COLLATE utf8_bin DEFAULT NULL,
  `DELEGATION_` varchar(64) COLLATE utf8_bin DEFAULT NULL,
  `PRIORITY_` int(11) DEFAULT NULL,
  `CREATE_TIME_` timestamp NULL DEFAULT NULL,
  `DUE_DATE_` datetime DEFAULT NULL,
  `CATEGORY_` varchar(255) COLLATE utf8_bin DEFAULT NULL,
  `SUSPENSION_STATE_` int(11) DEFAULT NULL,
  `TENANT_ID_` varchar(255) COLLATE utf8_bin DEFAULT '',
  `FORM_KEY_` varchar(255) COLLATE utf8_bin DEFAULT NULL,
  PRIMARY KEY (`ID_`),
  KEY `ACT_IDX_TASK_CREATE` (`CREATE_TIME_`),
  KEY `ACT_FK_TASK_EXE` (`EXECUTION_ID_`),
  KEY `ACT_FK_TASK_PROCINST` (`PROC_INST_ID_`),
  KEY `ACT_FK_TASK_PROCDEF` (`PROC_DEF_ID_`),
  CONSTRAINT `ACT_FK_TASK_EXE` FOREIGN KEY (`EXECUTION_ID_`) REFERENCES `act_ru_execution` (`ID_`),
  CONSTRAINT `ACT_FK_TASK_PROCDEF` FOREIGN KEY (`PROC_DEF_ID_`) REFERENCES `act_re_procdef` (`ID_`),
  CONSTRAINT `ACT_FK_TASK_PROCINST` FOREIGN KEY (`PROC_INST_ID_`) REFERENCES `act_ru_execution` (`ID_`)
) ENGINE=InnoDB DEFAULT CHARSET=utf8 COLLATE=utf8_bin;

-- ----------------------------
-- Records of act_ru_task
-- ----------------------------
INSERT INTO `act_ru_task` VALUES ('15008', '1', '15001', '15001', 'leaveProcess:1:4', '发起申请', null, '申请人发起申请', 'employee', null, '张三', null, '50', '2020-02-27 09:41:01', null, null, '1', '', null);

-- ----------------------------
-- Table structure for act_ru_variable
-- ----------------------------
DROP TABLE IF EXISTS `act_ru_variable`;
CREATE TABLE `act_ru_variable` (
  `ID_` varchar(64) COLLATE utf8_bin NOT NULL,
  `REV_` int(11) DEFAULT NULL,
  `TYPE_` varchar(255) COLLATE utf8_bin NOT NULL,
  `NAME_` varchar(255) COLLATE utf8_bin NOT NULL,
  `EXECUTION_ID_` varchar(64) COLLATE utf8_bin DEFAULT NULL,
  `PROC_INST_ID_` varchar(64) COLLATE utf8_bin DEFAULT NULL,
  `TASK_ID_` varchar(64) COLLATE utf8_bin DEFAULT NULL,
  `BYTEARRAY_ID_` varchar(64) COLLATE utf8_bin DEFAULT NULL,
  `DOUBLE_` double DEFAULT NULL,
  `LONG_` bigint(20) DEFAULT NULL,
  `TEXT_` varchar(4000) COLLATE utf8_bin DEFAULT NULL,
  `TEXT2_` varchar(4000) COLLATE utf8_bin DEFAULT NULL,
  PRIMARY KEY (`ID_`),
  KEY `ACT_IDX_VARIABLE_TASK_ID` (`TASK_ID_`),
  KEY `ACT_FK_VAR_EXE` (`EXECUTION_ID_`),
  KEY `ACT_FK_VAR_PROCINST` (`PROC_INST_ID_`),
  KEY `ACT_FK_VAR_BYTEARRAY` (`BYTEARRAY_ID_`),
  CONSTRAINT `ACT_FK_VAR_BYTEARRAY` FOREIGN KEY (`BYTEARRAY_ID_`) REFERENCES `act_ge_bytearray` (`ID_`),
  CONSTRAINT `ACT_FK_VAR_EXE` FOREIGN KEY (`EXECUTION_ID_`) REFERENCES `act_ru_execution` (`ID_`),
  CONSTRAINT `ACT_FK_VAR_PROCINST` FOREIGN KEY (`PROC_INST_ID_`) REFERENCES `act_ru_execution` (`ID_`)
) ENGINE=InnoDB DEFAULT CHARSET=utf8 COLLATE=utf8_bin;

-- ----------------------------
-- Records of act_ru_variable
-- ----------------------------
INSERT INTO `act_ru_variable` VALUES ('15003', '1', 'string', 'employeeName', '15001', '15001', null, null, null, null, '张三', null);
INSERT INTO `act_ru_variable` VALUES ('15004', '1', 'string', 'reason', '15001', '15001', null, null, null, null, '回家看亲戚', null);
INSERT INTO `act_ru_variable` VALUES ('15005', '1', 'string', 'leadName', '15001', '15001', null, null, null, null, '李四', null);
INSERT INTO `act_ru_variable` VALUES ('15006', '1', 'integer', 'day', '15001', '15001', null, null, null, '10', '10', null);
